Workbook

Sheet Sys-Pass_lr
A1: Valeurs (Réel - Vote) | B1: 1 | C1: 2 | D1: 3 | E1: 4 | F1: 5 | G1: 6 | H1: 7 | I1: 8 | J1: 9 | K1: 10 | L1: 11 | M1: 12 | N1: 13 | O1: 14 | P1: 15 | Q1: 16 | R1: 17 | S1: 18 | T1: 19 | U1: 20 | V1: 21 | W1: 22 | X1: 23 | Y1: 24 | Z1: 25 | AA1: 26 | AB1: 27 | AC1: 28 | AD1: 29
A2: Pass - Pass (VP) | B2: 90 | C2: 90 | D2: 90 | E2: 90 | F2: 90 | G2: 90 | H2: 90 | I2: 90 | J2: 91 | K2: 91 | L2: 91 | M2: 91 | N2: 91 | O2: 92 | P2: 94 | Q2: 93 | R2: 92 | S2: 92 | T2: 91 | U2: 92 | V2: 93 | W2: 93 | X2: 93 | Y2: 93 | Z2: 93 | AA2: 93 | AB2: 92 | AC2: 92 | AD2: 92
A3: Pass - Others (FN) | B3: 4 | C3: 4 | D3: 4 | E3: 4 | F3: 4 | G3: 4 | H3: 4 | I3: 4 | J3: 3 | K3: 3 | L3: 3 | M3: 3 | N3: 3 | O3: 2 | P3: 0 | Q3: 1 | R3: 2 | S3: 2 | T3: 3 | U3: 2 | V3: 1 | W3: 1 | X3: 1 | Y3: 1 | Z3: 1 | AA3: 1 | AB3: 2 | AC3: 2 | AD3: 2
A4: Others - Pass (FP) | B4: 16 | C4: 16 | D4: 16 | E4: 16 | F4: 18 | G4: 16 | H4: 17 | I4: 18 | J4: 24 | K4: 23 | L4: 24 | M4: 23 | N4: 19 | O4: 19 | P4: 19 | Q4: 19 | R4: 18 | S4: 19 | T4: 15 | U4: 14 | V4: 14 | W4: 14 | X4: 14 | Y4: 13 | Z4: 13 | AA4: 13 | AB4: 12 | AC4: 12 | AD4: 13
A5: Others - Others (VN) | B5: 90 | C5: 90 | D5: 90 | E5: 90 | F5: 88 | G5: 90 | H5: 89 | I5: 88 | J5: 82 | K5: 83 | L5: 82 | M5: 83 | N5: 87 | O5: 87 | P5: 87 | Q5: 87 | R5: 88 | S5: 87 | T5: 91 | U5: 92 | V5: 92 | W5: 92 | X5: 92 | Y5: 93 | Z5: 93 | AA5: 93 | AB5: 94 | AC5: 94 | AD5: 93
A6: Total | B6: =SUM(B2:B5) -> 200 | C6: =SUM(C2:C5) -> 200 | D6: =SUM(D2:D5) -> 200 | E6: =SUM(E2:E5) -> 200 | F6: =SUM(F2:F5) -> 200 | G6: =SUM(G2:G5) -> 200 | H6: =SUM(H2:H5) -> 200 | I6: =SUM(I2:I5) -> 200 | ... AD6: =SUM(AD2:AD5) -> 200
A7: Accuracy | B7: =(B5+B2)/B6 -> 0.9 | C7: =(C5+C2)/C6 -> 0.9 | D7: =(D5+D2)/D6 -> 0.9 | E7: =(E5+E2)/E6 -> 0.9 | F7: =(F5+F2)/F6 -> 0.89 | G7: =(G5+G2)/G6 -> 0.9 | H7: =(H5+H2)/H6 -> 0.895 | I7: =(I5+I2)/I6 -> 0.89 | ... AD7: =(AD5+AD2)/AD6 -> 0.925
A8: Erreur | B8: =1-B7 -> 0.1 | C8: =1-C7 -> 0.1 | D8: =1-D7 -> 0.1 | E8: =1-E7 -> 0.1 | F8: =1-F7 -> 0.11 | G8: =1-G7 -> 0.1 | H8: =1-H7 -> 0.105 | I8: =1-I7 -> 0.11 | ... AD8: =1-AD7 -> 0.075
A9: Recall | B9: =B2/(B2+B3) -> 0.95744681 | C9: =C2/(C2+C3) -> 0.95744681 | D9: =D2/(D2+D3) -> 0.95744681 | E9: =E2/(E2+E3) -> 0.95744681 | F9: =F2/(F2+F3) -> 0.95744681 | G9: =G2/(G2+G3) -> 0.95744681 | H9: =H2/(H2+H3) -> 0.95744681 | I9: =I2/(I2+I3) -> 0.95744681 | ... AD9: =AD2/(AD2+AD3) -> 0.9787234
A10: Precision | B10: =B2/(B2+B4) -> 0.8490566 | C10: =C2/(C2+C4) -> 0.8490566 | D10: =D2/(D2+D4) -> 0.8490566 | E10: =E2/(E2+E4) -> 0.8490566 | F10: =F2/(F2+F4) -> 0.83333333 | G10: =G2/(G2+G4) -> 0.8490566 | H10: =H2/(H2+H4) -> 0.8411215 | I10: =I2/(I2+I4) -> 0.83333333 | ... AD10: =AD2/(AD2+AD4) -> 0.87619048
A11: F-mesure | B11: =2*B9*B10/(B9+B10) -> 0.9 | C11: =2*C9*C10/(C9+C10) -> 0.9 | D11: =2*D9*D10/(D9+D10) -> 0.9 | E11: =2*E9*E10/(E9+E10) -> 0.9 | F11: =2*F9*F10/(F9+F10) -> 0.89108911 | G11: =2*G9*G10/(G9+G10) -> 0.9 | H11: =2*H9*H10/(H9+H10) -> 0.89552239 | I11: =2*I9*I10/(I9+I10) -> 0.89108911 | ... AD11: =2*AD9*AD10/(AD9+AD10) -> 0.92462312
A12: Specificity | B12: =B5/(B4+B5) -> 0.8490566 | C12: =C5/(C4+C5) -> 0.8490566 | D12: =D5/(D4+D5) -> 0.8490566 | E12: =E5/(E4+E5) -> 0.8490566 | F12: =F5/(F4+F5) -> 0.83018868 | G12: =G5/(G4+G5) -> 0.8490566 | H12: =H5/(H4+H5) -> 0.83962264 | I12: =I5/(I4+I5) -> 0.83018868 | ... AD12: =AD5/(AD4+AD5) -> 0.87735849
A13: Limite | B13: 0.9 | C13: 0.9 | D13: 0.9 | E13: 0.9 | F13: 0.9 | G13: 0.9 | H13: 0.9 | I13: 0.9 | J13: 0.9 | K13: 0.9 | L13: 0.9 | M13: 0.9 | N13: 0.9 | O13: 0.9 | P13: 0.9 | Q13: 0.9 | R13: 0.9 | S13: 0.9 | T13: 0.9 | U13: 0.9 | V13: 0.9 | W13: 0.9 | X13: 0.9 | Y13: 0.9 | Z13: 0.9 | AA13: 0.9 | AB13: 0.9 | AC13: 0.9 | AD13: 0.9

Sheet Sys-Fail_lr
A1: Valeurs (Réel - Vote) | B1: 1 | C1: 2 | D1: 3 | E1: 4 | F1: 5 | G1: 6 | H1: 7 | I1: 8 | J1: 9 | K1: 10 | L1: 11 | M1: 12 | N1: 13 | O1: 14 | P1: 15 | Q1: 16 | R1: 17 | S1: 18 | T1: 19 | U1: 20 | V1: 21 | W1: 22 | X1: 23 | Y1: 24 | Z1: 25 | AA1: 26 | AB1: 27 | AC1: 28 | AD1: 29
A2: Fail - Fail (VP) | B2: 0 | C2: 0 | D2: 0 | E2: 0 | F2: 1 | G2: 3 | H2: 3 | I2: 4 | J2: 4 | K2: 5 | L2: 4 | M2: 4 | N2: 6 | O2: 6 | P2: 4 | Q2: 5 | R2: 4 | S2: 5 | T2: 5 | U2: 6 | V2: 5 | W2: 4 | X2: 3 | Y2: 5 | Z2: 5 | AA2: 3 | AB2: 5 | AC2: 3 | AD2: 5
A3: Fail - Others (FN) | B3: 34 | C3: 34 | D3: 34 | E3: 34 | F3: 33 | G3: 31 | H3: 31 | I3: 30 | J3: 30 | K3: 29 | L3: 30 | M3: 30 | N3: 28 | O3: 28 | P3: 30 | Q3: 29 | R3: 30 | S3: 29 | T3: 29 | U3: 28 | V3: 29 | W3: 30 | X3: 31 | Y3: 29 | Z3: 29 | AA3: 31 | AB3: 29 | AC3: 31 | AD3: 29
A4: Others - Fail (FP) | B4: 0 | C4: 0 | D4: 0 | E4: 0 | F4: 3 | G4: 7 | H4: 7 | I4: 10 | J4: 7 | K4: 8 | L4: 6 | M4: 9 | N4: 14 | O4: 8 | P4: 6 | Q4: 5 | R4: 6 | S4: 5 | T4: 5 | U4: 10 | V4: 7 | W4: 8 | X4: 4 | Y4: 8 | Z4: 8 | AA4: 4 | AB4: 8 | AC4: 6 | AD4: 13
A5: Others - Others (VN) | B5: 166 | C5: 166 | D5: 166 | E5: 166 | F5: 163 | G5: 159 | H5: 159 | I5: 156 | J5: 159 | K5: 158 | L5: 160 | M5: 157 | N5: 152 | O5: 158 | P5: 160 | Q5: 161 | R5: 160 | S5: 161 | T5: 161 | U5: 156 | V5: 159 | W5: 158 | X5: 162 | Y5: 158 | Z5: 158 | AA5: 162 | AB5: 158 | AC5: 160 | AD5: 153
A6: Total | B6: =SUM(B2:B5) -> 200 | C6: =SUM(C2:C5) -> 200 | D6: =SUM(D2:D5) -> 200 | E6: =SUM(E2:E5) -> 200 | F6: =SUM(F2:F5) -> 200 | G6: =SUM(G2:G5) -> 200 | H6: =SUM(H2:H5) -> 200 | I6: =SUM(I2:I5) -> 200 | ... AD6: =SUM(AD2:AD5) -> 200
A7: Accuracy | B7: =(B5+B2)/B6 -> 0.83 | C7: =(C5+C2)/C6 -> 0.83 | D7: =(D5+D2)/D6 -> 0.83 | E7: =(E5+E2)/E6 -> 0.83 | F7: =(F5+F2)/F6 -> 0.82 | G7: =(G5+G2)/G6 -> 0.81 | H7: =(H5+H2)/H6 -> 0.81 | I7: =(I5+I2)/I6 -> 0.8 | ... AD7: =(AD5+AD2)/AD6 -> 0.79
A8: Erreur | B8: =1-B7 -> 0.17 | C8: =1-C7 -> 0.17 | D8: =1-D7 -> 0.17 | E8: =1-E7 -> 0.17 | F8: =1-F7 -> 0.18 | G8: =1-G7 -> 0.19 | H8: =1-H7 -> 0.19 | I8: =1-I7 -> 0.2 | ... AD8: =1-AD7 -> 0.21
A9: Recall | B9: =B2/(B2+B3) -> 0 | C9: =C2/(C2+C3) -> 0 | D9: =D2/(D2+D3) -> 0 | E9: =E2/(E2+E3) -> 0 | F9: =F2/(F2+F3) -> 0.029411765 | G9: =G2/(G2+G3) -> 0.088235294 | H9: =H2/(H2+H3) -> 0.088235294 | I9: =I2/(I2+I3) -> 0.11764706 | ... AD9: =AD2/(AD2+AD3) -> 0.14705882
A10: Precision | B10: =B2/(B2+B4) -> #DIV/0! | C10: =C2/(C2+C4) -> #DIV/0! | D10: =D2/(D2+D4) -> #DIV/0! | E10: =E2/(E2+E4) -> #DIV/0! | F10: =F2/(F2+F4) -> 0.25 | G10: =G2/(G2+G4) -> 0.3 | H10: =H2/(H2+H4) -> 0.3 | I10: =I2/(I2+I4) -> 0.28571429 | ... AD10: =AD2/(AD2+AD4) -> 0.27777778
A11: F-mesure | B11: =2*B9*B10/(B9+B10) -> #DIV/0! | C11: =2*C9*C10/(C9+C10) -> #DIV/0! | D11: =2*D9*D10/(D9+D10) -> #DIV/0! | E11: =2*E9*E10/(E9+E10) -> #DIV/0! | F11: =2*F9*F10/(F9+F10) -> 0.052631579 | G11: =2*G9*G10/(G9+G10) -> 0.13636364 | H11: =2*H9*H10/(H9+H10) -> 0.13636364 | I11: =2*I9*I10/(I9+I10) -> 0.16666667 | ... AD11: =2*AD9*AD10/(AD9+AD10) -> 0.19230769
A12: Specificity | B12: =B5/(B4+B5) -> 1 | C12: =C5/(C4+C5) -> 1 | D12: =D5/(D4+D5) -> 1 | E12: =E5/(E4+E5) -> 1 | F12: =F5/(F4+F5) -> 0.98192771 | G12: =G5/(G4+G5) -> 0.95783133 | H12: =H5/(H4+H5) -> 0.95783133 | I12: =I5/(I4+I5) -> 0.93975904 | ... AD12: =AD5/(AD4+AD5) -> 0.92168675
A13: Limite | B13: 0.9 | C13: 0.9 | D13: 0.9 | E13: 0.9 | F13: 0.9 | G13: 0.9 | H13: 0.9 | I13: 0.9 | J13: 0.9 | K13: 0.9 | L13: 0.9 | M13: 0.9 | N13: 0.9 | O13: 0.9 | P13: 0.9 | Q13: 0.9 | R13: 0.9 | S13: 0.9 | T13: 0.9 | U13: 0.9 | V13: 0.9 | W13: 0.9 | X13: 0.9 | Y13: 0.9 | Z13: 0.9 | AA13: 0.9 | AB13: 0.9 | AC13: 0.9 | AD13: 0.9

Sheet Sys-Dropout_lr
A1: Valeurs (Réel - Vote) | B1: 1 | C1: 2 | D1: 3 | E1: 4 | F1: 5 | G1: 6 | H1: 7 | I1: 8 | J1: 9 | K1: 10 | L1: 11 | M1: 12 | N1: 13 | O1: 14 | P1: 15 | Q1: 16 | R1: 17 | S1: 18 | T1: 19 | U1: 20 | V1: 21 | W1: 22 | X1: 23 | Y1: 24 | Z1: 25 | AA1: 26 | AB1: 27 | AC1: 28 | AD1: 29
A2: Dropout - Dropout (VP) | B2: 68 | C2: 68 | D2: 68 | E2: 68 | F2: 65 | G2: 62 | H2: 62 | I2: 59 | J2: 60 | K2: 59 | L2: 61 | M2: 58 | N2: 56 | O2: 62 | P2: 62 | Q2: 63 | R2: 63 | S2: 63 | T2: 66 | U2: 61 | V2: 64 | W2: 63 | X2: 67 | Y2: 63 | Z2: 63 | AA2: 67 | AB2: 64 | AC2: 66 | AD2: 59
A3: Dropout - Others (FN) | B3: 4 | C3: 4 | D3: 4 | E3: 4 | F3: 7 | G3: 10 | H3: 10 | I3: 13 | J3: 12 | K3: 13 | L3: 11 | M3: 14 | N3: 16 | O3: 10 | P3: 10 | Q3: 9 | R3: 9 | S3: 9 | T3: 6 | U3: 11 | V3: 8 | W3: 9 | X3: 5 | Y3: 9 | Z3: 9 | AA3: 5 | AB3: 8 | AC3: 6 | AD3: 13
A4: Others - Dropout (FP) | B4: 26 | C4: 26 | D4: 26 | E4: 26 | F4: 23 | G4: 22 | H4: 21 | I4: 19 | J4: 14 | K4: 14 | L4: 14 | M4: 15 | N4: 14 | O4: 13 | P4: 15 | Q4: 15 | R4: 17 | S4: 16 | T4: 18 | U4: 17 | V4: 17 | W4: 18 | X4: 19 | Y4: 18 | Z4: 18 | AA4: 20 | AB4: 19 | AC4: 21 | AD4: 18
A5: Others - Others (VN) | B5: 102 | C5: 102 | D5: 102 | E5: 102 | F5: 105 | G5: 106 | H5: 107 | I5: 109 | J5: 114 | K5: 114 | L5: 114 | M5: 113 | N5: 114 | O5: 115 | P5: 113 | Q5: 113 | R5: 111 | S5: 112 | T5: 110 | U5: 111 | V5: 111 | W5: 110 | X5: 109 | Y5: 110 | Z5: 110 | AA5: 108 | AB5: 109 | AC5: 107 | AD5: 110
A6: Total | B6: =SUM(B2:B5) -> 200 | C6: =SUM(C2:C5) -> 200 | D6: =SUM(D2:D5) -> 200 | E6: =SUM(E2:E5) -> 200 | F6: =SUM(F2:F5) -> 200 | G6: =SUM(G2:G5) -> 200 | H6: =SUM(H2:H5) -> 200 | I6: =SUM(I2:I5) -> 200 | ... AD6: =SUM(AD2:AD5) -> 200
A7: Accuracy | B7: =(B5+B2)/B6 -> 0.85 | C7: =(C5+C2)/C6 -> 0.85 | D7: =(D5+D2)/D6 -> 0.85 | E7: =(E5+E2)/E6 -> 0.85 | F7: =(F5+F2)/F6 -> 0.85 | G7: =(G5+G2)/G6 -> 0.84 | H7: =(H5+H2)/H6 -> 0.845 | I7: =(I5+I2)/I6 -> 0.84 | ... AD7: =(AD5+AD2)/AD6 -> 0.845
A8: Erreur | B8: =1-B7 -> 0.15 | C8: =1-C7 -> 0.15 | D8: =1-D7 -> 0.15 | E8: =1-E7 -> 0.15 | F8: =1-F7 -> 0.15 | G8: =1-G7 -> 0.16 | H8: =1-H7 -> 0.155 | I8: =1-I7 -> 0.16 | ... AD8: =1-AD7 -> 0.155
A9: Recall | B9: =B2/(B2+B3) -> 0.94444444 | C9: =C2/(C2+C3) -> 0.94444444 | D9: =D2/(D2+D3) -> 0.94444444 | E9: =E2/(E2+E3) -> 0.94444444 | F9: =F2/(F2+F3) -> 0.90277778 | G9: =G2/(G2+G3) -> 0.86111111 | H9: =H2/(H2+H3) -> 0.86111111 | I9: =I2/(I2+I3) -> 0.81944444 | ... AD9: =AD2/(AD2+AD3) -> 0.81944444
A10: Precision | B10: =B2/(B2+B4) -> 0.72340426 | C10: =C2/(C2+C4) -> 0.72340426 | D10: =D2/(D2+D4) -> 0.72340426 | E10: =E2/(E2+E4) -> 0.72340426 | F10: =F2/(F2+F4) -> 0.73863636 | G10: =G2/(G2+G4) -> 0.73809524 | H10: =H2/(H2+H4) -> 0.74698795 | I10: =I2/(I2+I4) -> 0.75641026 | ... AD10: =AD2/(AD2+AD4) -> 0.76623377
A11: F-mesure | B11: =2*B9*B10/(B9+B10) -> 0.81927711 | C11: =2*C9*C10/(C9+C10) -> 0.81927711 | D11: =2*D9*D10/(D9+D10) -> 0.81927711 | E11: =2*E9*E10/(E9+E10) -> 0.81927711 | F11: =2*F9*F10/(F9+F10) -> 0.8125 | G11: =2*G9*G10/(G9+G10) -> 0.79487179 | H11: =2*H9*H10/(H9+H10) -> 0.8 | I11: =2*I9*I10/(I9+I10) -> 0.78666667 | ... AD11: =2*AD9*AD10/(AD9+AD10) -> 0.79194631
A12: Specificity | B12: =B5/(B4+B5) -> 0.796875 | C12: =C5/(C4+C5) -> 0.796875 | D12: =D5/(D4+D5) -> 0.796875 | E12: =E5/(E4+E5) -> 0.796875 | F12: =F5/(F4+F5) -> 0.8203125 | G12: =G5/(G4+G5) -> 0.828125 | H12: =H5/(H4+H5) -> 0.8359375 | I12: =I5/(I4+I5) -> 0.8515625 | ... AD12: =AD5/(AD4+AD5) -> 0.859375
A13: Limite | B13: 0.9 | C13: 0.9 | D13: 0.9 | E13: 0.9 | F13: 0.9 | G13: 0.9 | H13: 0.9 | I13: 0.9 | J13: 0.9 | K13: 0.9 | L13: 0.9 | M13: 0.9 | N13: 0.9 | O13: 0.9 | P13: 0.9 | Q13: 0.9 | R13: 0.9 | S13: 0.9 | T13: 0.9 | U13: 0.9 | V13: 0.9 | W13: 0.9 | X13: 0.9 | Y13: 0.9 | Z13: 0.9 | AA13: 0.9 | AB13: 0.9 | AC13: 0.9 | AD13: 0.9

Sheet probaPass
A1: ID_Student | B1: 1 | C1: 2 | D1: 3 | E1: 4 | F1: 5 | G1: 6 | H1: 7 | I1: 8 | J1: 9 | K1: 10 | L1: 11 | M1: 12 | N1: 13 | O1: 14 | P1: 15 | Q1: 16 | R1: 17 | S1: 18 | T1: 19 | U1: 20 | V1: 21 | W1: 22 | X1: 23 | Y1: 24 | Z1: 25 | AA1: 26 | AB1: 27 | AC1: 28 | AD1: 29 | AF1: Pass | AG1: Proba_pass | AH1: 0
A2: 0 | B2: Dropout | C2: 1 | D2: 1 | E2: 1 | F2: Dropout | G2: Dropout | H2: Dropout | I2: Dropout | J2: Dropout | K2: Dropout | L2: Dropout | M2: Dropout | N2: Dropout | O2: Dropout | P2: Dropout | Q2: Dropout | R2: Dropout | S2: Dropout | T2: Dropout | U2: Dropout | V2: Dropout | W2: Dropout | X2: Dropout | Y2: Dropout | Z2: Dropout | AA2: Dropout | AB2: Dropout | AC2: Dropout | AD2: Dropout | AF2: =SUM(B2:AD2) -> 3 | AG2: =AF2/29 -> 0.10344828
A3: 1 | B3: Dropout | C3: Dropout | D3: Dropout | E3: Dropout | F3: Dropout | G3: Dropout | H3: Dropout | I3: Dropout | J3: Dropout | K3: Dropout | L3: Dropout | M3: Dropout | N3: Dropout | O3: Dropout | P3: Dropout | Q3: Dropout | R3: Dropout | S3: Dropout | T3: Dropout | U3: Dropout | V3: Dropout | W3: Dropout | X3: Dropout | Y3: Dropout | Z3: Dropout | AA3: Dropout | AB3: Dropout | AC3: Dropout | AD3: Dropout | AF3: =SUM(B3:AD3) -> 0 | AG3: =AF3/29 -> 0
A4: 2 | B4: 1 | C4: 1 | D4: 1 | E4: 1 | F4: 1 | G4: 1 | H4: 1 | I4: 1 | J4: 1 | K4: 1 | L4: 1 | M4: 1 | N4: 1 | O4: 1 | P4: 1 | Q4: 1 | R4: 1 | S4: 1 | T4: 1 | U4: 1 | V4: 1 | W4: 1 | X4: 1 | Y4: 1 | Z4: 1 | AA4: 1 | AB4: 1 | AC4: 1 | AD4: 1 | AF4: =SUM(B4:AD4) -> 29 | AG4: =AF4/29 -> 1
A5: 3 | B5: 1 | C5: 1 | D5: 1 | E5: 1 | F5: 1 | G5: 1 | H5: 1 | I5: 1 | J5: 1 | K5: 1 | L5: 1 | M5: 1 | N5: 1 | O5: 1 | P5: 1 | Q5: 1 | R5: 1 | S5: 1 | T5: 1 | U5: 1 | V5: 1 | W5: 1 | X5: 1 | Y5: 1 | Z5: 1 | AA5: 1 | AB5: 1 | AC5: 1 | AD5: 1 | AF5: =SUM(B5:AD5) -> 29 | AG5: =AF5/29 -> 1
A6: 4 | B6: Dropout | C6: Dropout | D6: Dropout | E6: Dropout | F6: Dropout | G6: Dropout | H6: Dropout | I6: Dropout | J6: Fail | K6: Fail | L6: Fail | M6: Fail | N6: Fail | O6: Fail | P6: Dropout | Q6: Dropout | R6: Dropout | S6: Dropout | T6: Dropout | U6: Dropout | V6: Dropout | W6: Dropout | X6: Dropout | Y6: Dropout | Z6: Dropout | AA6: Dropout | AB6: Dropout | AC6: Dropout | AD6: Dropout | AF6: =SUM(B6:AD6) -> 0 | AG6: =AF6/29 -> 0
A7: 5 | B7: Dropout | C7: Dropout | D7: Dropout | E7: Dropout | F7: Dropout | G7: Dropout | H7: Dropout | I7: Dropout | J7: Dropout | K7: Dropout | L7: Dropout | M7: Dropout | N7: Dropout | O7: Dropout | P7: Dropout | Q7: Dropout | R7: Dropout | S7: Dropout | T7: Dropout | U7: Dropout | V7: 1 | W7: 1 | X7: 1 | Y7: 1 | Z7: 1 | AA7: 1 | AB7: 1 | AC7: 1 | AD7: 1 | AF7: =SUM(B7:AD7) -> 9 | AG7: =AF7/29 -> 0.31034483
A8: 6 | B8: Dropout | C8: Dropout | D8: Dropout | E8: Dropout | F8: Dropout | G8: Dropout | H8: Dropout | I8: Dropout | J8: Dropout | K8: Dropout | L8: Dropout | M8: Dropout | N8: Dropout | O8: Dropout | P8: Dropout | Q8: Dropout | R8: Dropout | S8: Dropout | T8: Dropout | U8: Dropout | V8: Dropout | W8: Dropout | X8: Dropout | Y8: Dropout | Z8: Dropout | AA8: Dropout | AB8: Dropout | AC8: Dropout | AD8: Dropout | AF8: =SUM(B8:AD8) -> 0 | AG8: =AF8/29 -> 0
A9: 7 | B9: 1 | C9: 1 | D9: 1 | E9: 1 | F9: 1 | G9: 1 | H9: 1 | I9: 1 | J9: 1 | K9: 1 | L9: 1 | M9: 1 | N9: 1 | O9: 1 | P9: 1 | Q9: 1 | R9: 1 | S9: 1 | T9: 1 | U9: 1 | V9: 1 | W9: 1 | X9: 1 | Y9: 1 | Z9: 1 | AA9: 1 | AB9: 1 | AC9: 1 | AD9: 1 | AF9: =SUM(B9:AD9) -> 29 | AG9: =AF9/29 -> 1
A10: 8 | B10: 1 | C10: 1 | D10: 1 | E10: 1 | F10: 1 | G10: 1 | H10: 1 | I10: 1 | J10: 1 | K10: 1 | L10: 1 | M10: 1 | N10: 1 | O10: 1 | P10: 1 | Q10: 1 | R10: 1 | S10: 1 | T10: 1 | U10: 1 | V10: 1 | W10: 1 | X10: 1 | Y10: 1 | Z10: 1 | AA10: 1 | AB10: 1 | AC10: 1 | AD10: 1 | AF10: =SUM(B10:AD10) -> 29 | AG10: =AF10/29 -> 1
A11: 9 | B11: Dropout | C11: Dropout | D11: Dropout | E11: Dropout | F11: 1 | G11: Dropout | H11: Dropout | I11: Dropout | J11: Dropout | K11: Dropout | L11: Dropout | M11: Dropout | N11: Dropout | O11: Dropout | P11: Dropout | Q11: Dropout | R11: Dropout | S11: Dropout | T11: Dropout | U11: Dropout | V11: Dropout | W11: Dropout | X11: Dropout | Y11: Dropout | Z11: Dropout | AA11: Dropout | AB11: Dropout | AC11: Dropout | AD11: Dropout | AF11: =SUM(B11:AD11) -> 1 | AG11: =AF11/29 -> 0.034482759
A12: 10 | B12: 1 | C12: 1 | D12: 1 | E12: 1 | F12: 1 | G12: 1 | H12: 1 | I12: 1 | J12: 1 | K12: 1 | L12: 1 | M12: 1 | N12: 1 | O12: 1 | P12: 1 | Q12: 1 | R12: 1 | S12: 1 | T12: 1 | U12: 1 | V12: 1 | W12: 1 | X12: 1 | Y12: 1 | Z12: 1 | AA12: 1 | AB12: 1 | AC12: 1 | AD12: 1 | AF12: =SUM(B12:AD12) -> 29 | AG12: =AF12/29 -> 1
A13: 11 | B13: Dropout | C13: Dropout | D13: Dropout | E13: Dropout | F13: Dropout | G13: Dropout | H13: Dropout | I13: Dropout | J13: 1 | K13: 1 | L13: 1 | M13: 1 | N13: 1 | O13: 1 | P13: 1 | Q13: 1 | R13: 1 | S13: 1 | T13: 1 | U13: 1 | V13: 1 | W13: 1 | X13: 1 | Y13: 1 | Z13: 1 | AA13: 1 | AB13: 1 | AC13: 1 | AD13: 1 | AF13: =SUM(B13:AD13) -> 21 | AG13: =AF13/29 -> 0.72413793
A14: 12 | B14: 1 | C14: 1 | D14: 1 | E14: 1 | F14: 1 | G14: 1 | H14: 1 | I14: 1 | J14: 1 | K14: 1 | L14: 1 | M14: 1 | N14: 1 | O14: 1 | P14: 1 | Q14: 1 | R14: 1 | S14: 1 | T14: 1 | U14: 1 | V14: 1 | W14: 1 | X14: 1 | Y14: 1 | Z14: 1 | AA14: 1 | AB14: 1 | AC14: 1 | AD14: 1 | AF14: =SUM(B14:AD14) -> 29 | AG14: =AF14/29 -> 1
A15: 13 | B15: Dropout | C15: Dropout | D15: Dropout | E15: Dropout | F15: Dropout | G15: Dropout | H15: Dropout | I15: Dropout | J15: Dropout | K15: Dropout | L15: Dropout | M15: Dropout | N15: Dropout | O15: Dropout | P15: Dropout | Q15: Dropout | R15: Dropout | S15: Dropout | T15: Dropout | U15: Dropout | V15: Dropout | W15: Dropout | X15: Dropout | Y15: Dropout | Z15: Dropout | AA15: Dropout | AB15: Dropout | AC15: Dropout | AD15: Dropout | AF15: =SUM(B15:AD15) -> 0 | AG15: =AF15/29 -> 0
A16: 14 | B16: 1 | C16: 1 | D16: 1 | E16: 1 | F16: 1 | G16: 1 | H16: 1 | I16: 1 | J16: 1 | K16: 1 | L16: 1 | M16: 1 | N16: 1 | O16: 1 | P16: 1 | Q16: 1 | R16: 1 | S16: 1 | T16: 1 | U16: 1 | V16: 1 | W16: 1 | X16: 1 | Y16: 1 | Z16: 1 | AA16: 1 | AB16: 1 | AC16: 1 | AD16: 1 | AF16: =SUM(B16:AD16) -> 29 | AG16: =AF16/29 -> 1
A17: 15 | B17: 1 | C17: 1 | D17: 1 | E17: 1 | F17: 1 | G17: 1 | H17: 1 | I17: 1 | J17: 1 | K17: 1 | L17: 1 | M17: 1 | N17: 1 | O17: 1 | P17: 1 | Q17: 1 | R17: 1 | S17: 1 | T17: 1 | U17: 1 | V17: 1 | W17: 1 | X17: Dropout | Y17: Dropout | Z17: Dropout | AA17: Dropout | AB17: Dropout | AC17: Dropout | AD17: Dropout | AF17: =SUM(B17:AD17) -> 22 | AG17: =AF17/29 -> 0.75862069
A18: 16 | B18: Dropout | C18: Dropout | D18: Dropout | E18: Dropout | F18: Dropout | G18: Dropout | H18: Dropout | I18: Dropout | J18: Dropout | K18: Dropout | L18: Dropout | M18: Dropout | N18: Dropout | O18: Dropout | P18: Dropout | Q18: Dropout | R18: Dropout | S18: Dropout | T18: Dropout | U18: Dropout | V18: Dropout | W18: Dropout | X18: Dropout | Y18: Dropout | Z18: Dropout | AA18: Dropout | AB18: Dropout | AC18: Dropout | AD18: Dropout | AF18: =SUM(B18:AD18) -> 0 | AG18: =AF18/29 -> 0
A19: 17 | B19: Dropout | C19: Dropout | D19: Dropout | E19: Dropout | F19: 1 | G19: 1 | H19: 1 | I19: 1 | J19: Fail | K19: Fail | L19: Fail | M19: Fail | N19: 1 | O19: 1 | P19: 1 | Q19: 1 | R19: 1 | S19: 1 | T19: 1 | U19: 1 | V19: 1 | W19: 1 | X19: 1 | Y19: 1 | Z19: 1 | AA19: 1 | AB19: 1 | AC19: 1 | AD19: 1 | AF19: =SUM(B19:AD19) -> 21 | AG19: =AF19/29 -> 0.72413793
A20: 18 | B20: Dropout | C20: Dropout | D20: Dropout | E20: Dropout | F20: Dropout | G20: Dropout | H20: Dropout | I20: Dropout | J20: Dropout | K20: Dropout | L20: Dropout | M20: Dropout | N20: Dropout | O20: Dropout | P20: Dropout | Q20: Dropout | R20: Dropout | S20: Dropout | T20: Dropout | U20: Dropout | V20: Dropout | W20: Dropout | X20: Dropout | Y20: Dropout | Z20: Dropout | AA20: Dropout | AB20: Dropout | AC20: Dropout | AD20: Dropout | AF20: =SUM(B20:AD20) -> 0 | AG20: =AF20/29 -> 0
A21: 19 | B21: 1 | C21: 1 | D21: 1 | E21: 1 | F21: 1 | G21: 1 | H21: 1 | I21: 1 | J21: 1 | K21: 1 | L21: 1 | M21: 1 | N21: 1 | O21: 1 | P21: 1 | Q21: 1 | R21: 1 | S21: 1 | T21: 1 | U21: 1 | V21: 1 | W21: 1 | X21: 1 | Y21: 1 | Z21: 1 | AA21: 1 | AB21: 1 | AC21: 1 | AD21: 1 | AF21: =SUM(B21:AD21) -> 29 | AG21: =AF21/29 -> 1
A22: 20 | B22: Dropout | C22: Dropout | D22: Dropout | E22: Dropout | F22: Dropout | G22: Dropout | H22: Dropout | I22: Dropout | J22: Dropout | K22: Dropout | L22: Dropout | M22: Dropout | N22: Dropout | O22: Dropout | P22: Dropout | Q22: Dropout | R22: Dropout | S22: Dropout | T22: Dropout | U22: Dropout | V22: Dropout | W22: Dropout | X22: Dropout | Y22: Dropout | Z22: Dropout | AA22: Dropout | AB22: Dropout | AC22: Dropout | AD22: Dropout | AF22: =SUM(B22:AD22) -> 0 | AG22: =AF22/29 -> 0
A23: 21 | B23: 1 | C23: 1 | D23: 1 | E23: 1 | F23: 1 | G23: 1 | H23: 1 | I23: 1 | J23: 1 | K23: 1 | L23: 1 | M23: 1 | N23: 1 | O23: 1 | P23: 1 | Q23: 1 | R23: 1 | S23: 1 | T23: 1 | U23: 1 | V23: 1 | W23: 1 | X23: 1 | Y23: 1 | Z23: 1 | AA23: 1 | AB23: 1 | AC23: 1 | AD23: 1 | AF23: =SUM(B23:AD23) -> 29 | AG23: =AF23/29 -> 1
A24: 22 | B24: Dropout | C24: Dropout | D24: Dropout | E24: Dropout | F24: Dropout | G24: Dropout | H24: Dropout | I24: Dropout | J24: Dropout | K24: Dropout | L24: Dropout | M24: Dropout | N24: Dropout | O24: Dropout | P24: Dropout | Q24: Dropout | R24: Dropout | S24: Dropout | T24: Dropout | U24: Dropout | V24: Dropout | W24: Dropout | X24: Dropout | Y24: Dropout | Z24: Dropout | AA24: Dropout | AB24: Dropout | AC24: Dropout | AD24: Dropout | AF24: =SUM(B24:AD24) -> 0 | AG24: =AF24/29 -> 0
A25: 23 | B25: Dropout | C25: Dropout | D25: Dropout | E25: Dropout | F25: Dropout | G25: Dropout | H25: Dropout | I25: Dropout | J25: Dropout | K25: Dropout | L25: Dropout | M25: Dropout | N25: Dropout | O25: Dropout | P25: Dropout | Q25: Dropout | R25: Dropout | S25: Dropout | T25: Dropout | U25: Dropout | V25: Dropout | W25: Dropout | X25: Dropout | Y25: Dropout | Z25: Dropout | AA25: Dropout | AB25: Dropout | AC25: Dropout | AD25: Dropout | AF25: =SUM(B25:AD25) -> 0 | AG25: =AF25/29 -> 0
A26: 24 | B26: 1 | C26: 1 | D26: 1 | E26: 1 | F26: 1 | G26: 1 | H26: 1 | I26: 1 | J26: 1 | K26: 1 | L26: 1 | M26: 1 | N26: 1 | O26: 1 | P26: 1 | Q26: 1 | R26: 1 | S26: 1 | T26: 1 | U26: 1 | V26: 1 | W26: 1 | X26: 1 | Y26: 1 | Z26: 1 | AA26: 1 | AB26: 1 | AC26: 1 | AD26: 1 | AF26: =SUM(B26:AD26) -> 29 | AG26: =AF26/29 -> 1
A27: 25 | B27: 1 | C27: 1 | D27: 1 | E27: 1 | F27: 1 | G27: 1 | H27: 1 | I27: 1 | J27: 1 | K27: 1 | L27: 1 | M27: 1 | N27: 1 | O27: 1 | P27: 1 | Q27: 1 | R27: 1 | S27: 1 | T27: 1 | U27: 1 | V27: 1 | W27: 1 | X27: 1 | Y27: 1 | Z27: 1 | AA27: 1 | AB27: 1 | AC27: 1 | AD27: 1 | AF27: =SUM(B27:AD27) -> 29 | AG27: =AF27/29 -> 1
A28: 26 | B28: Dropout | C28: Dropout | D28: Dropout | E28: Dropout | F28: Dropout | G28: Dropout | H28: Dropout | I28: Dropout | J28: Dropout | K28: Dropout | L28: Dropout | M28: Dropout | N28: Dropout | O28: Dropout | P28: 1 | Q28: 1 | R28: 1 | S28: 1 | T28: 1 | U28: 1 | V28: Dropout | W28: Dropout | X28: Dropout | Y28: Dropout | Z28: Dropout | AA28: Dropout | AB28: Dropout | AC28: Dropout | AD28: Dropout | AF28: =SUM(B28:AD28) -> 6 | AG28: =AF28/29 -> 0.20689655
A29: 27 | B29: Dropout | C29: Dropout | D29: Dropout | E29: Dropout | F29: Dropout | G29: Dropout | H29: Dropout | I29: Dropout | J29: Dropout | K29: Dropout | L29: Dropout | M29: Dropout | N29: Dropout | O29: Dropout | P29: Dropout | Q29: Dropout | R29: Dropout | S29: Dropout | T29: Dropout | U29: Dropout | V29: Dropout | W29: Dropout | X29: Dropout | Y29: Dropout | Z29: Dropout | AA29: Dropout | AB29: Dropout | AC29: Dropout | AD29: Dropout | AF29: =SUM(B29:AD29) -> 0 | AG29: =AF29/29 -> 0
A30: 28 | B30: 1 | C30: 1 | D30: 1 | E30: 1 | F30: 1 | G30: 1 | H30: 1 | I30: 1 | J30: 1 | K30: 1 | L30: 1 | M30: 1 | N30: 1 | O30: 1 | P30: 1 | Q30: 1 | R30: 1 | S30: 1 | T30: 1 | U30: 1 | V30: 1 | W30: 1 | X30: 1 | Y30: 1 | Z30: 1 | AA30: 1 | AB30: 1 | AC30: 1 | AD30: 1 | AF30: =SUM(B30:AD30) -> 29 | AG30: =AF30/29 -> 1
A31: 29 | B31: Dropout | C31: Dropout | D31: Dropout | E31: Dropout | F31: Dropout | G31: Dropout | H31: 1 | I31: Fail | J31: Fail | K31: Fail | L31: Fail | M31: Fail | N31: Fail | O31: Fail | P31: Dropout | Q31: Dropout | R31: Dropout | S31: Dropout | T31: Dropout | U31: Dropout | V31: Dropout | W31: Dropout | X31: Dropout | Y31: Dropout | Z31: Dropout | AA31: Dropout | AB31: Dropout | AC31: Dropout | AD31: Dropout | AF31: =SUM(B31:AD31) -> 1 | AG31: =AF31/29 -> 0.034482759
A32: 30 | B32: Dropout | C32: Dropout | D32: Dropout | E32: Dropout | F32: Dropout | G32: Dropout | H32: Dropout | I32: Dropout | J32: Dropout | K32: Dropout | L32: Dropout | M32: Dropout | N32: Dropout | O32: Dropout | P32: Dropout | Q32: Dropout | R32: Dropout | S32: Dropout | T32: Dropout | U32: Dropout | V32: Dropout | W32: Dropout | X32: Dropout | Y32: Dropout | Z32: Dropout | AA32: Dropout | AB32: Dropout | AC32: Dropout | AD32: Dropout | AF32: =SUM(B32:AD32) -> 0 | AG32: =AF32/29 -> 0
A33: 31 | B33: 1 | C33: 1 | D33: 1 | E33: 1 | F33: 1 | G33: 1 | H33: 1 | I33: 1 | J33: 1 | K33: 1 | L33: 1 | M33: 1 | N33: 1 | O33: 1 | P33: 1 | Q33: 1 | R33: 1 | S33: 1 | T33: 1 | U33: 1 | V33: 1 | W33: 1 | X33: 1 | Y33: 1 | Z33: 1 | AA33: 1 | AB33: 1 | AC33: 1 | AD33: 1 | AF33: =SUM(B33:AD33) -> 29 | AG33: =AF33/29 -> 1
A34: 32 | B34: Dropout | C34: Dropout | D34: Dropout | E34: Dropout | F34: Dropout | G34: Dropout | H34: Dropout | I34: Dropout | J34: Dropout | K34: Dropout | L34: Dropout | M34: Dropout | N34: Dropout | O34: Dropout | P34: Dropout | Q34: Dropout | R34: Dropout | S34: Dropout | T34: Dropout | U34: Dropout | V34: Dropout | W34: Dropout | X34: Dropout | Y34: Dropout | Z34: Dropout | AA34: Dropout | AB34: Dropout | AC34: Dropout | AD34: Dropout | AF34: =SUM(B34:AD34) -> 0 | AG34: =AF34/29 -> 0
A35: 33 | B35: Dropout | C35: Dropout | D35: Dropout | E35: Dropout | F35: Dropout | G35: Dropout | H35: Dropout | I35: Dropout | J35: Dropout | K35: Dropout | L35: Dropout | M35: Dropout | N35: Dropout | O35: Dropout | P35: Dropout | Q35: Dropout | R35: Dropout | S35: Dropout | T35: Dropout | U35: Dropout | V35: Dropout | W35: Dropout | X35: Dropout | Y35: Dropout | Z35: Dropout | AA35: Dropout | AB35: Dropout | AC35: Dropout | AD35: Dropout | AF35: =SUM(B35:AD35) -> 0 | AG35: =AF35/29 -> 0
A36: 34 | B36: 1 | C36: 1 | D36: 1 | E36: 1 | F36: 1 | G36: 1 | H36: 1 | I36: 1 | J36: 1 | K36: 1 | L36: 1 | M36: 1 | N36: 1 | O36: 1 | P36: 1 | Q36: 1 | R36: 1 | S36: 1 | T36: 1 | U36: 1 | V36: 1 | W36: 1 | X36: 1 | Y36: 1 | Z36: 1 | AA36: 1 | AB36: 1 | AC36: 1 | AD36: 1 | AF36: =SUM(B36:AD36) -> 29 | AG36: =AF36/29 -> 1
A37: 35 | B37: 1 | C37: 1 | D37: 1 | E37: 1 | F37: 1 | G37: 1 | H37: 1 | I37: 1 | J37: 1 | K37: 1 | L37: 1 | M37: 1 | N37: 1 | O37: 1 | P37: 1 | Q37: 1 | R37: 1 | S37: 1 | T37: 1 | U37: 1 | V37: 1 | W37: 1 | X37: 1 | Y37: 1 | Z37: 1 | AA37: 1 | AB37: 1 | AC37: 1 | AD37: 1 | AF37: =SUM(B37:AD37) -> 29 | AG37: =AF37/29 -> 1
A38: 36 | B38: Dropout | C38: Dropout | D38: Dropout | E38: Dropout | F38: Dropout | G38: Dropout | H38: Dropout | I38: Dropout | J38: Dropout | K38: Dropout | L38: Dropout | M38: Dropout | N38: Dropout | O38: Dropout | P38: Dropout | Q38: Dropout | R38: Dropout | S38: Dropout | T38: Dropout | U38: Dropout | V38: Dropout | W38: Dropout | X38: Dropout | Y38: Dropout | Z38: Dropout | AA38: Dropout | AB38: Dropout | AC38: Dropout | AD38: Dropout | AF38: =SUM(B38:AD38) -> 0 | AG38: =AF38/29 -> 0
A39: 37 | B39: Dropout | C39: Dropout | D39: Dropout | E39: Dropout | F39: Dropout | G39: Dropout | H39: Dropout | I39: Dropout | J39: Dropout | K39: Dropout | L39: Dropout | M39: Dropout | N39: Dropout | O39: Dropout | P39: 1 | Q39: 1 | R39: Dropout | S39: Dropout | T39: 1 | U39: 1 | V39: 1 | W39: 1 | X39: 1 | Y39: 1 | Z39: 1 | AA39: 1 | AB39: 1 | AC39: 1 | AD39: 1 | AF39: =SUM(B39:AD39) -> 13 | AG39: =AF39/29 -> 0.44827586
A40: 38 | B40: 1 | C40: 1 | D40: 1 | E40: 1 | F40: 1 | G40: 1 | H40: 1 | I40: 1 | J40: 1 | K40: 1 | L40: 1 | M40: 1 | N40: 1 | O40: 1 | P40: 1 | Q40: 1 | R40: 1 | S40: 1 | T40: 1 | U40: 1 | V40: 1 | W40: 1 | X40: 1 | Y40: 1 | Z40: 1 | AA40: 1 | AB40: 1 | AC40: 1 | AD40: 1 | AF40: =SUM(B40:AD40) -> 29 | AG40: =AF40/29 -> 1
A41: 39 | B41: Dropout | C41: Dropout | D41: Dropout | E41: Dropout | F41: Dropout | G41: Dropout | H41: Dropout | I41: Dropout | J41: Dropout | K41: Dropout | L41: Dropout | M41: Dropout | N41: Dropout | O41: Dropout | P41: Dropout | Q41: Dropout | R41: Dropout | S41: Dropout | T41: Dropout | U41: Dropout | V41: Dropout | W41: Dropout | X41: Dropout | Y41: Dropout | Z41: Dropout | AA41: Dropout | AB41: Dropout | AC41: Dropout | AD41: Dropout | AF41: =SUM(B41:AD41) -> 0 | AG41: =AF41/29 -> 0
A42: 40 | B42: 1 | C42: 1 | D42: 1 | E42: 1 | F42: 1 | G42: 1 | H42: 1 | I42: 1 | J42: 1 | K42: 1 | L42: 1 | M42: 1 | N42: 1 | O42: 1 | P42: 1 | Q42: 1 | R42: 1 | S42: 1 | T42: 1 | U42: 1 | V42: 1 | W42: 1 | X42: 1 | Y42: 1 | Z42: 1 | AA42: 1 | AB42: 1 | AC42: 1 | AD42: 1 | AF42: =SUM(B42:AD42) -> 29 | AG42: =AF42/29 -> 1
A43: 41 | B43: Dropout | C43: Dropout | D43: Dropout | E43: Dropout | F43: Dropout | G43: Dropout | H43: Dropout | I43: Dropout | J43: Dropout | K43: Dropout | L43: Dropout | M43: Dropout | N43: Dropout | O43: Dropout | P43: Dropout | Q43: Dropout | R43: Dropout | S43: Dropout | T43: Dropout | U43: Dropout | V43: Dropout | W43: Dropout | X43: Dropout | Y43: Dropout | Z43: Dropout | AA43: Dropout | AB43: Dropout | AC43: Dropout | AD43: Dropout | AF43: =SUM(B43:AD43) -> 0 | AG43: =AF43/29 -> 0
A44: 42 | B44: 1 | C44: 1 | D44: 1 | E44: 1 | F44: 1 | G44: 1 | H44: 1 | I44: 1 | J44: 1 | K44: 1 | L44: 1 | M44: 1 | N44: 1 | O44: 1 | P44: 1 | Q44: 1 | R44: 1 | S44: 1 | T44: 1 | U44: 1 | V44: 1 | W44: 1 | X44: 1 | Y44: 1 | Z44: 1 | AA44: 1 | AB44: 1 | AC44: 1 | AD44: 1 | AF44: =SUM(B44:AD44) -> 29 | AG44: =AF44/29 -> 1
A45: 43 | B45: 1 | C45: 1 | D45: 1 | E45: 1 | F45: 1 | G45: 1 | H45: 1 | I45: 1 | J45: 1 | K45: 1 | L45: 1 | M45: 1 | N45: 1 | O45: 1 | P45: 1 | Q45: 1 | R45: 1 | S45: 1 | T45: 1 | U45: 1 | V45: 1 | W45: 1 | X45: 1 | Y45: 1 | Z45: 1 | AA45: 1 | AB45: 1 | AC45: 1 | AD45: 1 | AF45: =SUM(B45:AD45) -> 29 | AG45: =AF45/29 -> 1
A46: 44 | B46: 1 | C46: 1 | D46: 1 | E46: 1 | F46: 1 | G46: 1 | H46: 1 | I46: 1 | J46: 1 | K46: 1 | L46: 1 | M46: 1 | N46: 1 | O46: 1 | P46: 1 | Q46: 1 | R46: 1 | S46: 1 | T46: 1 | U46: 1 | V46: Fail | W46: 1 | X46: 1 | Y46: 1 | Z46: 1 | AA46: 1 | AB46: 1 | AC46: 1 | AD46: 1 | AF46: =SUM(B46:AD46) -> 28 | AG46: =AF46/29 -> 0.96551724
A47: 45 | B47: Dropout | C47: Dropout | D47: Dropout | E47: Dropout | F47: 1 | G47: Dropout | H47: Dropout | I47: Dropout | J47: 1 | K47: 1 | L47: 1 | M47: 1 | N47: Dropout | O47: Dropout | P47: 1 | Q47: 1 | R47: 1 | S47: 1 | T47: Dropout | U47: Dropout | V47: Dropout | W47: Dropout | X47: Dropout | Y47: Dropout | Z47: Dropout | AA47: Dropout | AB47: Dropout | AC47: Dropout | AD47: Dropout | AF47: =SUM(B47:AD47) -> 9 | AG47: =AF47/29 -> 0.31034483
A48: 46 | B48: Dropout | C48: Dropout | D48: Dropout | E48: Dropout | F48: Dropout | G48: Dropout | H48: Dropout | I48: Dropout | J48: Dropout | K48: Dropout | L48: Dropout | M48: Dropout | N48: Dropout | O48: Dropout | P48: Dropout | Q48: Dropout | R48: Dropout | S48: Dropout | T48: Dropout | U48: Dropout | V48: Dropout | W48: Dropout | X48: Dropout | Y48: Dropout | Z48: Dropout | AA48: Dropout | AB48: Dropout | AC48: Dropout | AD48: Dropout | AF48: =SUM(B48:AD48) -> 0 | AG48: =AF48/29 -> 0
A49: 47 | B49: Dropout | C49: Dropout | D49: Dropout | E49: Dropout | F49: 1 | G49: 1 | H49: 1 | I49: 1 | J49: 1 | K49: 1 | L49: Dropout | M49: 1 | N49: 1 | O49: 1 | P49: 1 | Q49: 1 | R49: 1 | S49: 1 | T49: 1 | U49: 1 | V49: 1 | W49: 1 | X49: 1 | Y49: 1 | Z49: 1 | AA49: 1 | AB49: 1 | AC49: 1 | AD49: 1 | AF49: =SUM(B49:AD49) -> 24 | AG49: =AF49/29 -> 0.82758621
A50: 48 | B50: Dropout | C50: Dropout | D50: Dropout | E50: Dropout | F50: Dropout | G50: Dropout | H50: Dropout | I50: Dropout | J50: Dropout | K50: Dropout | L50: Dropout | M50: Dropout | N50: Dropout | O50: Dropout | P50: Dropout | Q50: Dropout | R50: Dropout | S50: Dropout | T50: Dropout | U50: Dropout | V50: Dropout | W50: Dropout | X50: Dropout | Y50: Dropout | Z50: Dropout | AA50: Dropout | AB50: Dropout | AC50: Dropout | AD50: Dropout | AF50: =SUM(B50:AD50) -> 0 | AG50: =AF50/29 -> 0
A51: 49 | B51: 1 | C51: 1 | D51: 1 | E51: 1 | F51: 1 | G51: 1 | H51: 1 | I51: 1 | J51: 1 | K51: 1 | L51: 1 | M51: 1 | N51: 1 | O51: 1 | P51: 1 | Q51: 1 | R51: 1 | S51: 1 | T51: 1 | U51: 1 | V51: 1 | W51: 1 | X51: 1 | Y51: 1 | Z51: 1 | AA51: 1 | AB51: 1 | AC51: 1 | AD51: 1 | AF51: =SUM(B51:AD51) -> 29 | AG51: =AF51/29 -> 1
A52: 50 | B52: Dropout | C52: Dropout | D52: Dropout | E52: Dropout | F52: Dropout | G52: Dropout | H52: Dropout | I52: Dropout | J52: Dropout | K52: Dropout | L52: Dropout | M52: Dropout | N52: Dropout | O52: Dropout | P52: Dropout | Q52: Dropout | R52: Dropout | S52: Dropout | T52: Dropout | U52: Dropout | V52: Dropout | W52: Dropout | X52: Dropout | Y52: Dropout | Z52: Dropout | AA52: Dropout | AB52: Dropout | AC52: Dropout | AD52: Dropout | AF52: =SUM(B52:AD52) -> 0 | AG52: =AF52/29 -> 0
A53: 51 | B53: Dropout | C53: Dropout | D53: Dropout | E53: Dropout | F53: Dropout | G53: Dropout | H53: Dropout | I53: Dropout | J53: Dropout | K53: Dropout | L53: Dropout | M53: Dropout | N53: Dropout | O53: Dropout | P53: Dropout | Q53: Dropout | R53: Dropout | S53: Dropout | T53: Dropout | U53: Dropout | V53: Dropout | W53: Dropout | X53: Dropout | Y53: Dropout | Z53: Dropout | AA53: Dropout | AB53: Dropout | AC53: Dropout | AD53: Dropout | AF53: =SUM(B53:AD53) -> 0 | AG53: =AF53/29 -> 0
A54: 52 | B54: 1 | C54: 1 | D54: 1 | E54: 1 | F54: 1 | G54: 1 | H54: 1 | I54: 1 | J54: 1 | K54: 1 | L54: 1 | M54: 1 | N54: 1 | O54: 1 | P54: 1 | Q54: 1 | R54: 1 | S54: 1 | T54: 1 | U54: 1 | V54: 1 | W54: 1 | X54: 1 | Y54: 1 | Z54: 1 | AA54: 1 | AB54: 1 | AC54: 1 | AD54: 1 | AF54: =SUM(B54:AD54) -> 29 | AG54: =AF54/29 -> 1
A55: 53 | B55: Dropout | C55: Dropout | D55: Dropout | E55: Dropout | F55: Dropout | G55: Dropout | H55: Dropout | I55: Dropout | J55: Dropout | K55: Dropout | L55: Dropout | M55: Dropout | N55: Dropout | O55: Dropout | P55: Dropout | Q55: Dropout | R55: Dropout | S55: Dropout | T55: Dropout | U55: Dropout | V55: Dropout | W55: Dropout | X55: Dropout | Y55: Dropout | Z55: Dropout | AA55: Dropout | AB55: Dropout | AC55: Dropout | AD55: Dropout | AF55: =SUM(B55:AD55) -> 0 | AG55: =AF55/29 -> 0
A56: 54 | B56: Dropout | C56: Dropout | D56: Dropout | E56: Dropout | F56: Dropout | G56: Dropout | H56: Dropout | I56: Dropout | J56: Dropout | K56: Dropout | L56: Dropout | M56: Dropout | N56: Dropout | O56: Dropout | P56: Dropout | Q56: Dropout | R56: Dropout | S56: Dropout | T56: Dropout | U56: Dropout | V56: Dropout | W56: Dropout | X56: Dropout | Y56: Dropout | Z56: Dropout | AA56: Dropout | AB56: Dropout | AC56: Dropout | AD56: Dropout | AF56: =SUM(B56:AD56) -> 0 | AG56: =AF56/29 -> 0
A57: 55 | B57: 1 | C57: 1 | D57: 1 | E57: 1 | F57: 1 | G57: 1 | H57: 1 | I57: 1 | J57: 1 | K57: 1 | L57: 1 | M57: 1 | N57: 1 | O57: 1 | P57: 1 | Q57: 1 | R57: 1 | S57: 1 | T57: 1 | U57: 1 | V57: 1 | W57: 1 | X57: 1 | Y57: 1 | Z57: 1 | AA57: 1 | AB57: 1 | AC57: 1 | AD57: 1 | AF57: =SUM(B57:AD57) -> 29 | AG57: =AF57/29 -> 1
A58: 56 | B58: 1 | C58: 1 | D58: 1 | E58: 1 | F58: 1 | G58: 1 | H58: 1 | I58: 1 | J58: 1 | K58: 1 | L58: 1 | M58: 1 | N58: 1 | O58: 1 | P58: 1 | Q58: 1 | R58: 1 | S58: 1 | T58: 1 | U58: 1 | V58: 1 | W58: Dropout | X58: Dropout | Y58: Dropout | Z58: Dropout | AA58: Dropout | AB58: Dropout | AC58: Dropout | AD58: Dropout | AF58: =SUM(B58:AD58) -> 21 | AG58: =AF58/29 -> 0.72413793
A59: 57 | B59: 1 | C59: 1 | D59: 1 | E59: 1 | F59: 1 | G59: 1 | H59: 1 | I59: 1 | J59: 1 | K59: 1 | L59: 1 | M59: 1 | N59: 1 | O59: 1 | P59: 1 | Q59: 1 | R59: 1 | S59: 1 | T59: 1 | U59: 1 | V59: 1 | W59: 1 | X59: 1 | Y59: 1 | Z59: 1 | AA59: 1 | AB59: 1 | AC59: 1 | AD59: 1 | AF59: =SUM(B59:AD59) -> 29 | AG59: =AF59/29 -> 1
A60: 58 | B60: Dropout | C60: Dropout | D60: Dropout | E60: Dropout | F60: Dropout | G60: Dropout | H60: Dropout | I60: Dropout | J60: Dropout | K60: Dropout | L60: Dropout | M60: Dropout | N60: Dropout | O60: Dropout | P60: Dropout | Q60: Dropout | R60: Dropout | S60: Dropout | T60: Dropout | U60: Dropout | V60: Dropout | W60: Dropout | X60: Dropout | Y60: Dropout | Z60: Dropout | AA60: Dropout | AB60: Dropout | AC60: Dropout | AD60: Dropout | AF60: =SUM(B60:AD60) -> 0 | AG60: =AF60/29 -> 0
A61: 59 | B61: 1 | C61: 1 | D61: 1 | E61: 1 | F61: 1 | G61: 1 | H61: 1 | I61: 1 | J61: 1 | K61: 1 | L61: 1 | M61: 1 | N61: 1 | O61: 1 | P61: 1 | Q61: 1 | R61: 1 | S61: 1 | T61: 1 | U61: 1 | V61: 1 | W61: 1 | X61: 1 | Y61: 1 | Z61: 1 | AA61: 1 | AB61: 1 | AC61: 1 | AD61: 1 | AF61: =SUM(B61:AD61) -> 29 | AG61: =AF61/29 -> 1
A62: 60 | B62: Dropout | C62: Dropout | D62: Dropout | E62: Dropout | F62: Dropout | G62: Dropout | H62: Dropout | I62: Dropout | J62: Dropout | K62: Dropout | L62: Dropout | M62: 1 | N62: Dropout | O62: Dropout | P62: Dropout | Q62: Dropout | R62: Dropout | S62: Dropout | T62: Dropout | U62: Dropout | V62: Dropout | W62: Dropout | X62: Dropout | Y62: Dropout | Z62: Dropout | AA62: Dropout | AB62: Dropout | AC62: Dropout | AD62: Dropout | AF62: =SUM(B62:AD62) -> 1 | AG62: =AF62/29 -> 0.034482759
A63: 61 | B63: Dropout | C63: Dropout | D63: Dropout | E63: Dropout | F63: 1 | G63: 1 | H63: 1 | I63: 1 | J63: Dropout | K63: Dropout | L63: 1 | M63: 1 | N63: Dropout | O63: Dropout | P63: 1 | Q63: 1 | R63: 1 | S63: 1 | T63: 1 | U63: 1 | V63: 1 | W63: 1 | X63: 1 | Y63: 1 | Z63: 1 | AA63: 1 | AB63: 1 | AC63: 1 | AD63: 1 | AF63: =SUM(B63:AD63) -> 21 | AG63: =AF63/29 -> 0.72413793
A64: 62 | B64: Dropout | C64: Dropout | D64: Dropout | E64: Dropout | F64: Dropout | G64: Dropout | H64: 1 | I64: Fail | J64: Fail | K64: Dropout | L64: Dropout | M64: Dropout | N64: Dropout | O64: Dropout | P64: Dropout | Q64: Dropout | R64: Dropout | S64: Dropout | T64: Dropout | U64: Dropout | V64: Dropout | W64: Dropout | X64: Dropout | Y64: Dropout | Z64: Dropout | AA64: Dropout | AB64: Dropout | AC64: Dropout | AD64: Dropout | AF64: =SUM(B64:AD64) -> 1 | AG64: =AF64/29 -> 0.034482759
A65: 63 | B65: Dropout | C65: Dropout | D65: Dropout | E65: Dropout | F65: Dropout | G65: Dropout | H65: Dropout | I65: Dropout | J65: Dropout | K65: Dropout | L65: Dropout | M65: Dropout | N65: Dropout | O65: Dropout | P65: Dropout | Q65: Dropout | R65: Dropout | S65: Dropout | T65: Dropout | U65: Dropout | V65: Dropout | W65: Dropout | X65: Dropout | Y65: Dropout | Z65: Dropout | AA65: Dropout | AB65: Dropout | AC65: Dropout | AD65: Dropout | AF65: =SUM(B65:AD65) -> 0 | AG65: =AF65/29 -> 0
A66: 64 | B66: 1 | C66: 1 | D66: 1 | E66: 1 | F66: 1 | G66: 1 | H66: 1 | I66: 1 | J66: 1 | K66: 1 | L66: 1 | M66: 1 | N66: 1 | O66: 1 | P66: 1 | Q66: 1 | R66: 1 | S66: 1 | T66: 1 | U66: 1 | V66: 1 | W66: 1 | X66: 1 | Y66: 1 | Z66: 1 | AA66: 1 | AB66: 1 | AC66: 1 | AD66: 1 | AF66: =SUM(B66:AD66) -> 29 | AG66: =AF66/29 -> 1
A67: 65 | B67: 1 | C67: 1 | D67: 1 | E67: 1 | F67: 1 | G67: 1 | H67: 1 | I67: 1 | J67: 1 | K67: 1 | L67: 1 | M67: 1 | N67: 1 | O67: 1 | P67: 1 | Q67: 1 | R67: 1 | S67: 1 | T67: 1 | U67: 1 | V67: 1 | W67: 1 | X67: 1 | Y67: 1 | Z67: 1 | AA67: 1 | AB67: 1 | AC67: 1 | AD67: 1 | AF67: =SUM(B67:AD67) -> 29 | AG67: =AF67/29 -> 1
A68: 66 | B68: 1 | C68: 1 | D68: 1 | E68: 1 | F68: 1 | G68: 1 | H68: 1 | I68: 1 | J68: 1 | K68: 1 | L68: 1 | M68: 1 | N68: 1 | O68: 1 | P68: 1 | Q68: 1 | R68: 1 | S68: 1 | T68: 1 | U68: 1 | V68: 1 | W68: 1 | X68: 1 | Y68: 1 | Z68: 1 | AA68: 1 | AB68: 1 | AC68: 1 | AD68: 1 | AF68: =SUM(B68:AD68) -> 29 | AG68: =AF68/29 -> 1
A69: 67 | B69: Dropout | C69: Dropout | D69: Dropout | E69: Dropout | F69: Dropout | G69: Dropout | H69: Dropout | I69: Dropout | J69: Dropout | K69: Dropout | L69: Dropout | M69: Dropout | N69: Dropout | O69: Dropout | P69: Dropout | Q69: Dropout | R69: Dropout | S69: Dropout | T69: Dropout | U69: Dropout | V69: Dropout | W69: Dropout | X69: Dropout | Y69: Dropout | Z69: Dropout | AA69: Dropout | AB69: Dropout | AC69: Dropout | AD69: Dropout | AF69: =SUM(B69:AD69) -> 0 | AG69: =AF69/29 -> 0
A70: 68 | B70: Dropout | C70: Dropout | D70: Dropout | E70: Dropout | F70: Dropout | G70: Dropout | H70: Dropout | I70: Dropout | J70: Dropout | K70: Dropout | L70: Dropout | M70: Dropout | N70: Dropout | O70: Dropout | P70: Dropout | Q70: Dropout | R70: Dropout | S70: Dropout | T70: Dropout | U70: Dropout | V70: Dropout | W70: Dropout | X70: Dropout | Y70: Dropout | Z70: Dropout | AA70: Dropout | AB70: Dropout | AC70: Dropout | AD70: Dropout | AF70: =SUM(B70:AD70) -> 0 | AG70: =AF70/29 -> 0
A71: 69 | B71: Dropout | C71: Dropout | D71: Dropout | E71: Dropout | F71: 1 | G71: 1 | H71: 1 | I71: 1 | J71: 1 | K71: 1 | L71: 1 | M71: 1 | N71: 1 | O71: 1 | P71: 1 | Q71: 1 | R71: 1 | S71: 1 | T71: Dropout | U71: Dropout | V71: Dropout | W71: Dropout | X71: Dropout | Y71: Dropout | Z71: Dropout | AA71: Dropout | AB71: Dropout | AC71: Dropout | AD71: Dropout | AF71: =SUM(B71:AD71) -> 14 | AG71: =AF71/29 -> 0.48275862
A72: 70 | B72: 1 | C72: 1 | D72: 1 | E72: 1 | F72: 1 | G72: 1 | H72: 1 | I72: 1 | J72: 1 | K72: 1 | L72: 1 | M72: 1 | N72: 1 | O72: 1 | P72: 1 | Q72: 1 | R72: 1 | S72: 1 | T72: 1 | U72: 1 | V72: 1 | W72: 1 | X72: 1 | Y72: 1 | Z72: 1 | AA72: 1 | AB72: 1 | AC72: 1 | AD72: 1 | AF72: =SUM(B72:AD72) -> 29 | AG72: =AF72/29 -> 1
A73: 71 | B73: Dropout | C73: Dropout | D73: Dropout | E73: Dropout | F73: Dropout | G73: Dropout | H73: Dropout | I73: Dropout | J73: Dropout | K73: Dropout | L73: Dropout | M73: Dropout | N73: Dropout | O73: Dropout | P73: Dropout | Q73: Dropout | R73: Dropout | S73: Dropout | T73: Dropout | U73: Dropout | V73: Dropout | W73: Dropout | X73: Dropout | Y73: Dropout | Z73: Dropout | AA73: Dropout | AB73: Dropout | AC73: Dropout | AD73: Dropout | AF73: =SUM(B73:AD73) -> 0 | AG73: =AF73/29 -> 0
A74: 72 | B74: 1 | C74: 1 | D74: 1 | E74: 1 | F74: 1 | G74: 1 | H74: 1 | I74: 1 | J74: 1 | K74: 1 | L74: 1 | M74: 1 | N74: 1 | O74: 1 | P74: 1 | Q74: 1 | R74: 1 | S74: 1 | T74: 1 | U74: 1 | V74: 1 | W74: 1 | X74: 1 | Y74: 1 | Z74: 1 | AA74: 1 | AB74: 1 | AC74: 1 | AD74: 1 | AF74: =SUM(B74:AD74) -> 29 | AG74: =AF74/29 -> 1
A75: 73 | B75: Dropout | C75: Dropout | D75: Dropout | E75: Dropout | F75: Dropout | G75: Dropout | H75: Dropout | I75: Dropout | J75: Dropout | K75: Dropout | L75: Dropout | M75: Dropout | N75: Dropout | O75: Dropout | P75: Dropout | Q75: Dropout | R75: Dropout | S75: Dropout | T75: Dropout | U75: Dropout | V75: Dropout | W75: Dropout | X75: Dropout | Y75: Dropout | Z75: Dropout | AA75: Dropout | AB75: Dropout | AC75: Dropout | AD75: Dropout | AF75: =SUM(B75:AD75) -> 0 | AG75: =AF75/29 -> 0
A76: 74 | B76: Dropout | C76: Dropout | D76: Dropout | E76: Dropout | F76: Dropout | G76: Dropout | H76: Dropout | I76: Dropout | J76: Dropout | K76: Dropout | L76: Dropout | M76: Dropout | N76: Dropout | O76: Dropout | P76: Dropout | Q76: Dropout | R76: Dropout | S76: Dropout | T76: Dropout | U76: Dropout | V76: Dropout | W76: Dropout | X76: Dropout | Y76: Dropout | Z76: Dropout | AA76: Dropout | AB76: Dropout | AC76: Dropout | AD76: Dropout | AF76: =SUM(B76:AD76) -> 0 | AG76: =AF76/29 -> 0
A77: 75 | B77: 1 | C77: 1 | D77: 1 | E77: 1 | F77: 1 | G77: 1 | H77: 1 | I77: 1 | J77: 1 | K77: 1 | L77: 1 | M77: 1 | N77: 1 | O77: 1 | P77: 1 | Q77: 1 | R77: 1 | S77: 1 | T77: 1 | U77: 1 | V77: 1 | W77: 1 | X77: 1 | Y77: 1 | Z77: 1 | AA77: 1 | AB77: 1 | AC77: 1 | AD77: 1 | AF77: =SUM(B77:AD77) -> 29 | AG77: =AF77/29 -> 1
A78: 76 | B78: 1 | C78: 1 | D78: 1 | E78: 1 | F78: 1 | G78: 1 | H78: 1 | I78: 1 | J78: 1 | K78: 1 | L78: 1 | M78: 1 | N78: 1 | O78: 1 | P78: 1 | Q78: 1 | R78: 1 | S78: 1 | T78: 1 | U78: 1 | V78: 1 | W78: 1 | X78: 1 | Y78: 1 | Z78: 1 | AA78: 1 | AB78: 1 | AC78: 1 | AD78: 1 | AF78: =SUM(B78:AD78) -> 29 | AG78: =AF78/29 -> 1
A79: 77 | B79: Dropout | C79: Dropout | D79: Dropout | E79: Dropout | F79: Dropout | G79: Dropout | H79: Dropout | I79: Dropout | J79: Dropout | K79: Dropout | L79: Dropout | M79: Dropout | N79: Dropout | O79: Dropout | P79: Dropout | Q79: Dropout | R79: Dropout | S79: Dropout | T79: Dropout | U79: Dropout | V79: Dropout | W79: Dropout | X79: Dropout | Y79: Dropout | Z79: Dropout | AA79: Dropout | AB79: Dropout | AC79: Dropout | AD79: Dropout | AF79: =SUM(B79:AD79) -> 0 | AG79: =AF79/29 -> 0
A80: 78 | B80: 1 | C80: 1 | D80: 1 | E80: 1 | F80: 1 | G80: 1 | H80: 1 | I80: 1 | J80: 1 | K80: 1 | L80: 1 | M80: 1 | N80: 1 | O80: 1 | P80: 1 | Q80: 1 | R80: 1 | S80: 1 | T80: 1 | U80: 1 | V80: 1 | W80: 1 | X80: 1 | Y80: 1 | Z80: 1 | AA80: 1 | AB80: 1 | AC80: 1 | AD80: 1 | AF80: =SUM(B80:AD80) -> 29 | AG80: =AF80/29 -> 1
A81: 79 | B81: 1 | C81: 1 | D81: 1 | E81: 1 | F81: 1 | G81: 1 | H81: 1 | I81: 1 | J81: 1 | K81: 1 | L81: 1 | M81: 1 | N81: 1 | O81: 1 | P81: 1 | Q81: 1 | R81: 1 | S81: 1 | T81: 1 | U81: 1 | V81: 1 | W81: 1 | X81: 1 | Y81: 1 | Z81: 1 | AA81: 1 | AB81: 1 | AC81: 1 | AD81: 1 | AF81: =SUM(B81:AD81) -> 29 | AG81: =AF81/29 -> 1
A82: 80 | B82: Dropout | C82: Dropout | D82: Dropout | E82: Dropout | F82: Dropout | G82: Dropout | H82: Dropout | I82: Dropout | J82: Dropout | K82: Dropout | L82: Dropout | M82: Dropout | N82: Dropout | O82: Dropout | P82: Dropout | Q82: Dropout | R82: Dropout | S82: Dropout | T82: Dropout | U82: Dropout | V82: Dropout | W82: Dropout | X82: Dropout | Y82: Dropout | Z82: Dropout | AA82: Dropout | AB82: Dropout | AC82: Dropout | AD82: Dropout | AF82: =SUM(B82:AD82) -> 0 | AG82: =AF82/29 -> 0
A83: 81 | B83: 1 | C83: 1 | D83: 1 | E83: 1 | F83: 1 | G83: 1 | H83: 1 | I83: 1 | J83: 1 | K83: 1 | L83: 1 | M83: 1 | N83: 1 | O83: 1 | P83: 1 | Q83: 1 | R83: 1 | S83: 1 | T83: 1 | U83: 1 | V83: 1 | W83: 1 | X83: 1 | Y83: 1 | Z83: 1 | AA83: 1 | AB83: 1 | AC83: 1 | AD83: 1 | AF83: =SUM(B83:AD83) -> 29 | AG83: =AF83/29 -> 1
A84: 82 | B84: 1 | C84: 1 | D84: 1 | E84: 1 | F84: 1 | G84: 1 | H84: 1 | I84: 1 | J84: 1 | K84: 1 | L84: 1 | M84: 1 | N84: 1 | O84: 1 | P84: 1 | Q84: 1 | R84: 1 | S84: 1 | T84: 1 | U84: 1 | V84: 1 | W84: 1 | X84: 1 | Y84: 1 | Z84: 1 | AA84: 1 | AB84: 1 | AC84: 1 | AD84: 1 | AF84: =SUM(B84:AD84) -> 29 | AG84: =AF84/29 -> 1
A85: 83 | B85: Dropout | C85: Dropout | D85: Dropout | E85: Dropout | F85: Dropout | G85: Dropout | H85: Dropout | I85: Dropout | J85: Dropout | K85: Dropout | L85: Dropout | M85: Dropout | N85: Dropout | O85: Dropout | P85: Dropout | Q85: Dropout | R85: Dropout | S85: Dropout | T85: Dropout | U85: Dropout | V85: Dropout | W85: Dropout | X85: Dropout | Y85: Dropout | Z85: Dropout | AA85: Dropout | AB85: Dropout | AC85: Dropout | AD85: Dropout | AF85: =SUM(B85:AD85) -> 0 | AG85: =AF85/29 -> 0
A86: 84 | B86: 1 | C86: 1 | D86: 1 | E86: 1 | F86: 1 | G86: 1 | H86: 1 | I86: 1 | J86: 1 | K86: 1 | L86: 1 | M86: 1 | N86: 1 | O86: 1 | P86: 1 | Q86: 1 | R86: 1 | S86: 1 | T86: 1 | U86: 1 | V86: 1 | W86: 1 | X86: 1 | Y86: 1 | Z86: 1 | AA86: 1 | AB86: 1 | AC86: 1 | AD86: 1 | AF86: =SUM(B86:AD86) -> 29 | AG86: =AF86/29 -> 1
A87: 85 | B87: Dropout | C87: Dropout | D87: Dropout | E87: Dropout | F87: Dropout | G87: Dropout | H87: Dropout | I87: Dropout | J87: Dropout | K87: Dropout | L87: Dropout | M87: Dropout | N87: Dropout | O87: Dropout | P87: Dropout | Q87: Dropout | R87: Dropout | S87: Dropout | T87: Dropout | U87: Dropout | V87: Dropout | W87: Dropout | X87: Dropout | Y87: Dropout | Z87: Dropout | AA87: Dropout | AB87: Dropout | AC87: Dropout | AD87: Dropout | AF87: =SUM(B87:AD87) -> 0 | AG87: =AF87/29 -> 0
A88: 86 | B88: 1 | C88: 1 | D88: 1 | E88: 1 | F88: 1 | G88: 1 | H88: 1 | I88: 1 | J88: 1 | K88: 1 | L88: 1 | M88: 1 | N88: 1 | O88: 1 | P88: 1 | Q88: 1 | R88: 1 | S88: 1 | T88: 1 | U88: 1 | V88: 1 | W88: 1 | X88: 1 | Y88: 1 | Z88: 1 | AA88: 1 | AB88: 1 | AC88: 1 | AD88: 1 | AF88: =SUM(B88:AD88) -> 29 | AG88: =AF88/29 -> 1
A89: 87 | B89: Dropout | C89: Dropout | D89: Dropout | E89: Dropout | F89: Dropout | G89: Dropout | H89: Dropout | I89: Dropout | J89: Dropout | K89: Dropout | L89: Dropout | M89: Dropout | N89: Dropout | O89: Dropout | P89: Dropout | Q89: Dropout | R89: Dropout | S89: Dropout | T89: Dropout | U89: Dropout | V89: Dropout | W89: Dropout | X89: Dropout | Y89: Dropout | Z89: Dropout | AA89: Dropout | AB89: Dropout | AC89: Dropout | AD89: Dropout | AF89: =SUM(B89:AD89) -> 0 | AG89: =AF89/29 -> 0
A90: 88 | B90: 1 | C90: 1 | D90: 1 | E90: 1 | F90: 1 | G90: 1 | H90: 1 | I90: 1 | J90: 1 | K90: 1 | L90: 1 | M90: 1 | N90: 1 | O90: 1 | P90: 1 | Q90: 1 | R90: 1 | S90: 1 | T90: 1 | U90: 1 | V90: 1 | W90: 1 | X90: 1 | Y90: 1 | Z90: 1 | AA90: 1 | AB90: 1 | AC90: 1 | AD90: 1 | AF90: =SUM(B90:AD90) -> 29 | AG90: =AF90/29 -> 1
A91: 89 | B91: 1 | C91: 1 | D91: 1 | E91: 1 | F91: 1 | G91: 1 | H91: 1 | I91: 1 | J91: 1 | K91: 1 | L91: 1 | M91: 1 | N91: 1 | O91: 1 | P91: 1 | Q91: 1 | R91: 1 | S91: 1 | T91: 1 | U91: 1 | V91: 1 | W91: 1 | X91: 1 | Y91: 1 | Z91: 1 | AA91: 1 | AB91: 1 | AC91: 1 | AD91: 1 | AF91: =SUM(B91:AD91) -> 29 | AG91: =AF91/29 -> 1
A92: 90 | B92: 1 | C92: 1 | D92: 1 | E92: 1 | F92: 1 | G92: 1 | H92: 1 | I92: 1 | J92: 1 | K92: 1 | L92: 1 | M92: 1 | N92: 1 | O92: 1 | P92: 1 | Q92: 1 | R92: 1 | S92: 1 | T92: 1 | U92: 1 | V92: 1 | W92: 1 | X92: 1 | Y92: 1 | Z92: 1 | AA92: 1 | AB92: 1 | AC92: 1 | AD92: 1 | AF92: =SUM(B92:AD92) -> 29 | AG92: =AF92/29 -> 1
A93: 91 | B93: Dropout | C93: Dropout | D93: Dropout | E93: Dropout | F93: Dropout | G93: Dropout | H93: 1 | I93: Fail | J93: Fail | K93: Fail | L93: Fail | M93: Fail | N93: Fail | O93: Fail | P93: Dropout | Q93: Dropout | R93: Dropout | S93: Dropout | T93: Dropout | U93: Dropout | V93: Dropout | W93: Fail | X93: 1 | Y93: Fail | Z93: Fail | AA93: Fail | AB93: Fail | AC93: Fail | AD93: Fail | AF93: =SUM(B93:AD93) -> 2 | AG93: =AF93/29 -> 0.068965517
A94: 92 | B94: Dropout | C94: Dropout | D94: Dropout | E94: Dropout | F94: Dropout | G94: Dropout | H94: Dropout | I94: Dropout | J94: Dropout | K94: Dropout | L94: Dropout | M94: Dropout | N94: Dropout | O94: Dropout | P94: Dropout | Q94: Dropout | R94: Dropout | S94: Dropout | T94: Dropout | U94: Dropout | V94: Dropout | W94: Dropout | X94: Dropout | Y94: Dropout | Z94: Dropout | AA94: Dropout | AB94: Dropout | AC94: Dropout | AD94: Dropout | AF94: =SUM(B94:AD94) -> 0 | AG94: =AF94/29 -> 0
A95: 93 | B95: 1 | C95: 1 | D95: 1 | E95: 1 | F95: 1 | G95: 1 | H95: 1 | I95: 1 | J95: 1 | K95: 1 | L95: 1 | M95: 1 | N95: 1 | O95: 1 | P95: 1 | Q95: 1 | R95: 1 | S95: 1 | T95: 1 | U95: 1 | V95: 1 | W95: 1 | X95: 1 | Y95: 1 | Z95: 1 | AA95: 1 | AB95: 1 | AC95: 1 | AD95: 1 | AF95: =SUM(B95:AD95) -> 29 | AG95: =AF95/29 -> 1
A96: 94 | B96: Dropout | C96: Dropout | D96: Dropout | E96: Dropout | F96: Dropout | G96: Dropout | H96: Dropout | I96: Dropout | J96: Dropout | K96: Dropout | L96: Dropout | M96: Dropout | N96: Dropout | O96: Dropout | P96: Dropout | Q96: Dropout | R96: Dropout | S96: Dropout | T96: Dropout | U96: Dropout | V96: Dropout | W96: Dropout | X96: Dropout | Y96: Dropout | Z96: Dropout | AA96: Dropout | AB96: Dropout | AC96: Dropout | AD96: Dropout | AF96: =SUM(B96:AD96) -> 0 | AG96: =AF96/29 -> 0
A97: 95 | B97: Dropout | C97: Dropout | D97: Dropout | E97: Dropout | F97: Dropout | G97: Dropout | H97: 1 | I97: 1 | J97: 1 | K97: 1 | L97: 1 | M97: 1 | N97: 1 | O97: 1 | P97: 1 | Q97: 1 | R97: 1 | S97: 1 | T97: 1 | U97: 1 | V97: 1 | W97: 1 | X97: 1 | Y97: 1 | Z97: 1 | AA97: 1 | AB97: 1 | AC97: 1 | AD97: 1 | AF97: =SUM(B97:AD97) -> 23 | AG97: =AF97/29 -> 0.79310345
A98: 96 | B98: Dropout | C98: Dropout | D98: Dropout | E98: Dropout | F98: Dropout | G98: Dropout | H98: Dropout | I98: Dropout | J98: Dropout | K98: Dropout | L98: Dropout | M98: Dropout | N98: Dropout | O98: Dropout | P98: Dropout | Q98: Dropout | R98: Dropout | S98: Dropout | T98: Dropout | U98: Dropout | V98: Dropout | W98: Dropout | X98: Dropout | Y98: Dropout | Z98: Dropout | AA98: Dropout | AB98: Dropout | AC98: Dropout | AD98: Dropout | AF98: =SUM(B98:AD98) -> 0 | AG98: =AF98/29 -> 0
A99: 97 | B99: 1 | C99: 1 | D99: 1 | E99: 1 | F99: 1 | G99: 1 | H99: 1 | I99: 1 | J99: 1 | K99: 1 | L99: 1 | M99: 1 | N99: 1 | O99: 1 | P99: 1 | Q99: 1 | R99: 1 | S99: 1 | T99: 1 | U99: 1 | V99: 1 | W99: 1 | X99: 1 | Y99: 1 | Z99: 1 | AA99: 1 | AB99: 1 | AC99: 1 | AD99: 1 | AF99: =SUM(B99:AD99) -> 29 | AG99: =AF99/29 -> 1
A100: 98 | B100: Dropout | C100: Dropout | D100: Dropout | E100: Dropout | F100: Dropout | G100: Dropout | H100: Dropout | I100: Dropout | J100: Dropout | K100: Dropout | L100: Dropout | M100: Dropout | N100: Dropout | O100: Dropout | P100: Dropout | Q100: Dropout | R100: Dropout | S100: Dropout | T100: Dropout | U100: Dropout | V100: Dropout | W100: Dropout | X100: Dropout | Y100: Dropout | Z100: Dropout | AA100: Dropout | AB100: Dropout | AC100: Dropout | AD100: Dropout | AF100: =SUM(B100:AD100) -> 0 | AG100: =AF100/29 -> 0
...

Sheet probaFail
A1: ID_Student | B1: 1 | C1: 2 | D1: 3 | E1: 4 | F1: 5 | G1: 6 | H1: 7 | I1: 8 | J1: 9 | K1: 10 | L1: 11 | M1: 12 | N1: 13 | O1: 14 | P1: 15 | Q1: 16 | R1: 17 | S1: 18 | T1: 19 | U1: 20 | V1: 21 | W1: 22 | X1: 23 | Y1: 24 | Z1: 25 | AA1: 26 | AB1: 27 | AC1: 28 | AD1: 29 | AF1: 0 | AG1: Fail | AH1: Proba_fail
A2: 0 | B2: Dropout | C2: Pass | D2: Pass | E2: Pass | F2: Dropout | G2: Dropout | H2: Dropout | I2: Dropout | J2: Dropout | K2: Dropout | L2: Dropout | M2: Dropout | N2: Dropout | O2: Dropout | P2: Dropout | Q2: Dropout | R2: Dropout | S2: Dropout | T2: Dropout | U2: Dropout | V2: Dropout | W2: Dropout | X2: Dropout | Y2: Dropout | Z2: Dropout | AA2: Dropout | AB2: Dropout | AC2: Dropout | AD2: Dropout | AG2: =SUM(B2:AD2) -> 0 | AH2: =AG2/29 -> 0
A3: 1 | B3: Dropout | C3: Dropout | D3: Dropout | E3: Dropout | F3: Dropout | G3: Dropout | H3: Dropout | I3: Dropout | J3: Dropout | K3: Dropout | L3: Dropout | M3: Dropout | N3: Dropout | O3: Dropout | P3: Dropout | Q3: Dropout | R3: Dropout | S3: Dropout | T3: Dropout | U3: Dropout | V3: Dropout | W3: Dropout | X3: Dropout | Y3: Dropout | Z3: Dropout | AA3: Dropout | AB3: Dropout | AC3: Dropout | AD3: Dropout | AG3: =SUM(B3:AD3) -> 0 | AH3: =AG3/29 -> 0
A4: 2 | B4: Pass | C4: Pass | D4: Pass | E4: Pass | F4: Pass | G4: Pass | H4: Pass | I4: Pass | J4: Pass | K4: Pass | L4: Pass | M4: Pass | N4: Pass | O4: Pass | P4: Pass | Q4: Pass | R4: Pass | S4: Pass | T4: Pass | U4: Pass | V4: Pass | W4: Pass | X4: Pass | Y4: Pass | Z4: Pass | AA4: Pass | AB4: Pass | AC4: Pass | AD4: Pass | AG4: =SUM(B4:AD4) -> 0 | AH4: =AG4/29 -> 0
A5: 3 | B5: Pass | C5: Pass | D5: Pass | E5: Pass | F5: Pass | G5: Pass | H5: Pass | I5: Pass | J5: Pass | K5: Pass | L5: Pass | M5: Pass | N5: Pass | O5: Pass | P5: Pass | Q5: Pass | R5: Pass | S5: Pass | T5: Pass | U5: Pass | V5: Pass | W5: Pass | X5: Pass | Y5: Pass | Z5: Pass | AA5: Pass | AB5: Pass | AC5: Pass | AD5: Pass | AG5: =SUM(B5:AD5) -> 0 | AH5: =AG5/29 -> 0
A6: 4 | B6: Dropout | C6: Dropout | D6: Dropout | E6: Dropout | F6: Dropout | G6: Dropout | H6: Dropout | I6: Dropout | J6: 1 | K6: 1 | L6: 1 | M6: 1 | N6: 1 | O6: 1 | P6: Dropout | Q6: Dropout | R6: Dropout | S6: Dropout | T6: Dropout | U6: Dropout | V6: Dropout | W6: Dropout | X6: Dropout | Y6: Dropout | Z6: Dropout | AA6: Dropout | AB6: Dropout | AC6: Dropout | AD6: Dropout | AG6: =SUM(B6:AD6) -> 6 | AH6: =AG6/29 -> 0.20689655
A7: 5 | B7: Dropout | C7: Dropout | D7: Dropout | E7: Dropout | F7: Dropout | G7: Dropout | H7: Dropout | I7: Dropout | J7: Dropout | K7: Dropout | L7: Dropout | M7: Dropout | N7: Dropout | O7: Dropout | P7: Dropout | Q7: Dropout | R7: Dropout | S7: Dropout | T7: Dropout | U7: Dropout | V7: Pass | W7: Pass | X7: Pass | Y7: Pass | Z7: Pass | AA7: Pass | AB7: Pass | AC7: Pass | AD7: Pass | AG7: =SUM(B7:AD7) -> 0 | AH7: =AG7/29 -> 0
A8: 6 | B8: Dropout | C8: Dropout | D8: Dropout | E8: Dropout | F8: Dropout | G8: Dropout | H8: Dropout | I8: Dropout | J8: Dropout | K8: Dropout | L8: Dropout | M8: Dropout | N8: Dropout | O8: Dropout | P8: Dropout | Q8: Dropout | R8: Dropout | S8: Dropout | T8: Dropout | U8: Dropout | V8: Dropout | W8: Dropout | X8: Dropout | Y8: Dropout | Z8: Dropout | AA8: Dropout | AB8: Dropout | AC8: Dropout | AD8: Dropout | AG8: =SUM(B8:AD8) -> 0 | AH8: =AG8/29 -> 0
A9: 7 | B9: Pass | C9: Pass | D9: Pass | E9: Pass | F9: Pass | G9: Pass | H9: Pass | I9: Pass | J9: Pass | K9: Pass | L9: Pass | M9: Pass | N9: Pass | O9: Pass | P9: Pass | Q9: Pass | R9: Pass | S9: Pass | T9: Pass | U9: Pass | V9: Pass | W9: Pass | X9: Pass | Y9: Pass | Z9: Pass | AA9: Pass | AB9: Pass | AC9: Pass | AD9: Pass | AG9: =SUM(B9:AD9) -> 0 | AH9: =AG9/29 -> 0
A10: 8 | B10: Pass | C10: Pass | D10: Pass | E10: Pass | F10: Pass | G10: Pass | H10: Pass | I10: Pass | J10: Pass | K10: Pass | L10: Pass | M10: Pass | N10: Pass | O10: Pass | P10: Pass | Q10: Pass | R10: Pass | S10: Pass | T10: Pass | U10: Pass | V10: Pass | W10: Pass | X10: Pass | Y10: Pass | Z10: Pass | AA10: Pass | AB10: Pass | AC10: Pass | AD10: Pass | AG10: =SUM(B10:AD10) -> 0 | AH10: =AG10/29 -> 0
A11: 9 | B11: Dropout | C11: Dropout | D11: Dropout | E11: Dropout | F11: Pass | G11: Dropout | H11: Dropout | I11: Dropout | J11: Dropout | K11: Dropout | L11: Dropout | M11: Dropout | N11: Dropout | O11: Dropout | P11: Dropout | Q11: Dropout | R11: Dropout | S11: Dropout | T11: Dropout | U11: Dropout | V11: Dropout | W11: Dropout | X11: Dropout | Y11: Dropout | Z11: Dropout | AA11: Dropout | AB11: Dropout | AC11: Dropout | AD11: Dropout | AG11: =SUM(B11:AD11) -> 0 | AH11: =AG11/29 -> 0
A12: 10 | B12: Pass | C12: Pass | D12: Pass | E12: Pass | F12: Pass | G12: Pass | H12: Pass | I12: Pass | J12: Pass | K12: Pass | L12: Pass | M12: Pass | N12: Pass | O12: Pass | P12: Pass | Q12: Pass | R12: Pass | S12: Pass | T12: Pass | U12: Pass | V12: Pass | W12: Pass | X12: Pass | Y12: Pass | Z12: Pass | AA12: Pass | AB12: Pass | AC12: Pass | AD12: Pass | AG12: =SUM(B12:AD12) -> 0 | AH12: =AG12/29 -> 0
A13: 11 | B13: Dropout | C13: Dropout | D13: Dropout | E13: Dropout | F13: Dropout | G13: Dropout | H13: Dropout | I13: Dropout | J13: Pass | K13: Pass | L13: Pass | M13: Pass | N13: Pass | O13: Pass | P13: Pass | Q13: Pass | R13: Pass | S13: Pass | T13: Pass | U13: Pass | V13: Pass | W13: Pass | X13: Pass | Y13: Pass | Z13: Pass | AA13: Pass | AB13: Pass | AC13: Pass | AD13: Pass | AG13: =SUM(B13:AD13) -> 0 | AH13: =AG13/29 -> 0
A14: 12 | B14: Pass | C14: Pass | D14: Pass | E14: Pass | F14: Pass | G14: Pass | H14: Pass | I14: Pass | J14: Pass | K14: Pass | L14: Pass | M14: Pass | N14: Pass | O14: Pass | P14: Pass | Q14: Pass | R14: Pass | S14: Pass | T14: Pass | U14: Pass | V14: Pass | W14: Pass | X14: Pass | Y14: Pass | Z14: Pass | AA14: Pass | AB14: Pass | AC14: Pass | AD14: Pass | AG14: =SUM(B14:AD14) -> 0 | AH14: =AG14/29 -> 0
A15: 13 | B15: Dropout | C15: Dropout | D15: Dropout | E15: Dropout | F15: Dropout | G15: Dropout | H15: Dropout | I15: Dropout | J15: Dropout | K15: Dropout | L15: Dropout | M15: Dropout | N15: Dropout | O15: Dropout | P15: Dropout | Q15: Dropout | R15: Dropout | S15: Dropout | T15: Dropout | U15: Dropout | V15: Dropout | W15: Dropout | X15: Dropout | Y15: Dropout | Z15: Dropout | AA15: Dropout | AB15: Dropout | AC15: Dropout | AD15: Dropout | AG15: =SUM(B15:AD15) -> 0 | AH15: =AG15/29 -> 0
A16: 14 | B16: Pass | C16: Pass | D16: Pass | E16: Pass | F16: Pass | G16: Pass | H16: Pass | I16: Pass | J16: Pass | K16: Pass | L16: Pass | M16: Pass | N16: Pass | O16: Pass | P16: Pass | Q16: Pass | R16: Pass | S16: Pass | T16: Pass | U16: Pass | V16: Pass | W16: Pass | X16: Pass | Y16: Pass | Z16: Pass | AA16: Pass | AB16: Pass | AC16: Pass | AD16: Pass | AG16: =SUM(B16:AD16) -> 0 | AH16: =AG16/29 -> 0
A17: 15 | B17: Pass | C17: Pass | D17: Pass | E17: Pass | F17: Pass | G17: Pass | H17: Pass | I17: Pass | J17: Pass | K17: Pass | L17: Pass | M17: Pass | N17: Pass | O17: Pass | P17: Pass | Q17: Pass | R17: Pass | S17: Pass | T17: Pass | U17: Pass | V17: Pass | W17: Pass | X17: Dropout | Y17: Dropout | Z17: Dropout | AA17: Dropout | AB17: Dropout | AC17: Dropout | AD17: Dropout | AG17: =SUM(B17:AD17) -> 0 | AH17: =AG17/29 -> 0
A18: 16 | B18: Dropout | C18: Dropout | D18: Dropout | E18: Dropout | F18: Dropout | G18: Dropout | H18: Dropout | I18: Dropout | J18: Dropout | K18: Dropout | L18: Dropout | M18: Dropout | N18: Dropout | O18: Dropout | P18: Dropout | Q18: Dropout | R18: Dropout | S18: Dropout | T18: Dropout | U18: Dropout | V18: Dropout | W18: Dropout | X18: Dropout | Y18: Dropout | Z18: Dropout | AA18: Dropout | AB18: Dropout | AC18: Dropout | AD18: Dropout | AG18: =SUM(B18:AD18) -> 0 | AH18: =AG18/29 -> 0
A19: 17 | B19: Dropout | C19: Dropout | D19: Dropout | E19: Dropout | F19: Pass | G19: Pass | H19: Pass | I19: Pass | J19: 1 | K19: 1 | L19: 1 | M19: 1 | N19: Pass | O19: Pass | P19: Pass | Q19: Pass | R19: Pass | S19: Pass | T19: Pass | U19: Pass | V19: Pass | W19: Pass | X19: Pass | Y19: Pass | Z19: Pass | AA19: Pass | AB19: Pass | AC19: Pass | AD19: Pass | AG19: =SUM(B19:AD19) -> 4 | AH19: =AG19/29 -> 0.13793103
A20: 18 | B20: Dropout | C20: Dropout | D20: Dropout | E20: Dropout | F20: Dropout | G20: Dropout | H20: Dropout | I20: Dropout | J20: Dropout | K20: Dropout | L20: Dropout | M20: Dropout | N20: Dropout | O20: Dropout | P20: Dropout | Q20: Dropout | R20: Dropout | S20: Dropout | T20: Dropout | U20: Dropout | V20: Dropout | W20: Dropout | X20: Dropout | Y20: Dropout | Z20: Dropout | AA20: Dropout | AB20: Dropout | AC20: Dropout | AD20: Dropout | AG20: =SUM(B20:AD20) -> 0 | AH20: =AG20/29 -> 0
A21: 19 | B21: Pass | C21: Pass | D21: Pass | E21: Pass | F21: Pass | G21: Pass | H21: Pass | I21: Pass | J21: Pass | K21: Pass | L21: Pass | M21: Pass | N21: Pass | O21: Pass | P21: Pass | Q21: Pass | R21: Pass | S21: Pass | T21: Pass | U21: Pass | V21: Pass | W21: Pass | X21: Pass | Y21: Pass | Z21: Pass | AA21: Pass | AB21: Pass | AC21: Pass | AD21: Pass | AG21: =SUM(B21:AD21) -> 0 | AH21: =AG21/29 -> 0
A22: 20 | B22: Dropout | C22: Dropout | D22: Dropout | E22: Dropout | F22: Dropout | G22: Dropout | H22: Dropout | I22: Dropout | J22: Dropout | K22: Dropout | L22: Dropout | M22: Dropout | N22: Dropout | O22: Dropout | P22: Dropout | Q22: Dropout | R22: Dropout | S22: Dropout | T22: Dropout | U22: Dropout | V22: Dropout | W22: Dropout | X22: Dropout | Y22: Dropout | Z22: Dropout | AA22: Dropout | AB22: Dropout | AC22: Dropout | AD22: Dropout | AG22: =SUM(B22:AD22) -> 0 | AH22: =AG22/29 -> 0
A23: 21 | B23: Pass | C23: Pass | D23: Pass | E23: Pass | F23: Pass | G23: Pass | H23: Pass | I23: Pass | J23: Pass | K23: Pass | L23: Pass | M23: Pass | N23: Pass | O23: Pass | P23: Pass | Q23: Pass | R23: Pass | S23: Pass | T23: Pass | U23: Pass | V23: Pass | W23: Pass | X23: Pass | Y23: Pass | Z23: Pass | AA23: Pass | AB23: Pass | AC23: Pass | AD23: Pass | AG23: =SUM(B23:AD23) -> 0 | AH23: =AG23/29 -> 0
A24: 22 | B24: Dropout | C24: Dropout | D24: Dropout | E24: Dropout | F24: Dropout | G24: Dropout | H24: Dropout | I24: Dropout | J24: Dropout | K24: Dropout | L24: Dropout | M24: Dropout | N24: Dropout | O24: Dropout | P24: Dropout | Q24: Dropout | R24: Dropout | S24: Dropout | T24: Dropout | U24: Dropout | V24: Dropout | W24: Dropout | X24: Dropout | Y24: Dropout | Z24: Dropout | AA24: Dropout | AB24: Dropout | AC24: Dropout | AD24: Dropout | AG24: =SUM(B24:AD24) -> 0 | AH24: =AG24/29 -> 0
A25: 23 | B25: Dropout | C25: Dropout | D25: Dropout | E25: Dropout | F25: Dropout | G25: Dropout | H25: Dropout | I25: Dropout | J25: Dropout | K25: Dropout | L25: Dropout | M25: Dropout | N25: Dropout | O25: Dropout | P25: Dropout | Q25: Dropout | R25: Dropout | S25: Dropout | T25: Dropout | U25: Dropout | V25: Dropout | W25: Dropout | X25: Dropout | Y25: Dropout | Z25: Dropout | AA25: Dropout | AB25: Dropout | AC25: Dropout | AD25: Dropout | AG25: =SUM(B25:AD25) -> 0 | AH25: =AG25/29 -> 0
A26: 24 | B26: Pass | C26: Pass | D26: Pass | E26: Pass | F26: Pass | G26: Pass | H26: Pass | I26: Pass | J26: Pass | K26: Pass | L26: Pass | M26: Pass | N26: Pass | O26: Pass | P26: Pass | Q26: Pass | R26: Pass | S26: Pass | T26: Pass | U26: Pass | V26: Pass | W26: Pass | X26: Pass | Y26: Pass | Z26: Pass | AA26: Pass | AB26: Pass | AC26: Pass | AD26: Pass | AG26: =SUM(B26:AD26) -> 0 | AH26: =AG26/29 -> 0
A27: 25 | B27: Pass | C27: Pass | D27: Pass | E27: Pass | F27: Pass | G27: Pass | H27: Pass | I27: Pass | J27: Pass | K27: Pass | L27: Pass | M27: Pass | N27: Pass | O27: Pass | P27: Pass | Q27: Pass | R27: Pass | S27: Pass | T27: Pass | U27: Pass | V27: Pass | W27: Pass | X27: Pass | Y27: Pass | Z27: Pass | AA27: Pass | AB27: Pass | AC27: Pass | AD27: Pass | AG27: =SUM(B27:AD27) -> 0 | AH27: =AG27/29 -> 0
A28: 26 | B28: Dropout | C28: Dropout | D28: Dropout | E28: Dropout | F28: Dropout | G28: Dropout | H28: Dropout | I28: Dropout | J28: Dropout | K28: Dropout | L28: Dropout | M28: Dropout | N28: Dropout | O28: Dropout | P28: Pass | Q28: Pass | R28: Pass | S28: Pass | T28: Pass | U28: Pass | V28: Dropout | W28: Dropout | X28: Dropout | Y28: Dropout | Z28: Dropout | AA28: Dropout | AB28: Dropout | AC28: Dropout | AD28: Dropout | AG28: =SUM(B28:AD28) -> 0 | AH28: =AG28/29 -> 0
A29: 27 | B29: Dropout | C29: Dropout | D29: Dropout | E29: Dropout | F29: Dropout | G29: Dropout | H29: Dropout | I29: Dropout | J29: Dropout | K29: Dropout | L29: Dropout | M29: Dropout | N29: Dropout | O29: Dropout | P29: Dropout | Q29: Dropout | R29: Dropout | S29: Dropout | T29: Dropout | U29: Dropout | V29: Dropout | W29: Dropout | X29: Dropout | Y29: Dropout | Z29: Dropout | AA29: Dropout | AB29: Dropout | AC29: Dropout | AD29: Dropout | AG29: =SUM(B29:AD29) -> 0 | AH29: =AG29/29 -> 0
A30: 28 | B30: Pass | C30: Pass | D30: Pass | E30: Pass | F30: Pass | G30: Pass | H30: Pass | I30: Pass | J30: Pass | K30: Pass | L30: Pass | M30: Pass | N30: Pass | O30: Pass | P30: Pass | Q30: Pass | R30: Pass | S30: Pass | T30: Pass | U30: Pass | V30: Pass | W30: Pass | X30: Pass | Y30: Pass | Z30: Pass | AA30: Pass | AB30: Pass | AC30: Pass | AD30: Pass | AG30: =SUM(B30:AD30) -> 0 | AH30: =AG30/29 -> 0
A31: 29 | B31: Dropout | C31: Dropout | D31: Dropout | E31: Dropout | F31: Dropout | G31: Dropout | H31: Pass | I31: 1 | J31: 1 | K31: 1 | L31: 1 | M31: 1 | N31: 1 | O31: 1 | P31: Dropout | Q31: Dropout | R31: Dropout | S31: Dropout | T31: Dropout | U31: Dropout | V31: Dropout | W31: Dropout | X31: Dropout | Y31: Dropout | Z31: Dropout | AA31: Dropout | AB31: Dropout | AC31: Dropout | AD31: Dropout | AG31: =SUM(B31:AD31) -> 7 | AH31: =AG31/29 -> 0.24137931
A32: 30 | B32: Dropout | C32: Dropout | D32: Dropout | E32: Dropout | F32: Dropout | G32: Dropout | H32: Dropout | I32: Dropout | J32: Dropout | K32: Dropout | L32: Dropout | M32: Dropout | N32: Dropout | O32: Dropout | P32: Dropout | Q32: Dropout | R32: Dropout | S32: Dropout | T32: Dropout | U32: Dropout | V32: Dropout | W32: Dropout | X32: Dropout | Y32: Dropout | Z32: Dropout | AA32: Dropout | AB32: Dropout | AC32: Dropout | AD32: Dropout | AG32: =SUM(B32:AD32) -> 0 | AH32: =AG32/29 -> 0
A33: 31 | B33: Pass | C33: Pass | D33: Pass | E33: Pass | F33: Pass | G33: Pass | H33: Pass | I33: Pass | J33: Pass | K33: Pass | L33: Pass | M33: Pass | N33: Pass | O33: Pass | P33: Pass | Q33: Pass | R33: Pass | S33: Pass | T33: Pass | U33: Pass | V33: Pass | W33: Pass | X33: Pass | Y33: Pass | Z33: Pass | AA33: Pass | AB33: Pass | AC33: Pass | AD33: Pass | AG33: =SUM(B33:AD33) -> 0 | AH33: =AG33/29 -> 0
A34: 32 | B34: Dropout | C34: Dropout | D34: Dropout | E34: Dropout | F34: Dropout | G34: Dropout | H34: Dropout | I34: Dropout | J34: Dropout | K34: Dropout | L34: Dropout | M34: Dropout | N34: Dropout | O34: Dropout | P34: Dropout | Q34: Dropout | R34: Dropout | S34: Dropout | T34: Dropout | U34: Dropout | V34: Dropout | W34: Dropout | X34: Dropout | Y34: Dropout | Z34: Dropout | AA34: Dropout | AB34: Dropout | AC34: Dropout | AD34: Dropout | AG34: =SUM(B34:AD34) -> 0 | AH34: =AG34/29 -> 0
A35: 33 | B35: Dropout | C35: Dropout | D35: Dropout | E35: Dropout | F35: Dropout | G35: Dropout | H35: Dropout | I35: Dropout | J35: Dropout | K35: Dropout | L35: Dropout | M35: Dropout | N35: Dropout | O35: Dropout | P35: Dropout | Q35: Dropout | R35: Dropout | S35: Dropout | T35: Dropout | U35: Dropout | V35: Dropout | W35: Dropout | X35: Dropout | Y35: Dropout | Z35: Dropout | AA35: Dropout | AB35: Dropout | AC35: Dropout | AD35: Dropout | AG35: =SUM(B35:AD35) -> 0 | AH35: =AG35/29 -> 0
A36: 34 | B36: Pass | C36: Pass | D36: Pass | E36: Pass | F36: Pass | G36: Pass | H36: Pass | I36: Pass | J36: Pass | K36: Pass | L36: Pass | M36: Pass | N36: Pass | O36: Pass | P36: Pass | Q36: Pass | R36: Pass | S36: Pass | T36: Pass | U36: Pass | V36: Pass | W36: Pass | X36: Pass | Y36: Pass | Z36: Pass | AA36: Pass | AB36: Pass | AC36: Pass | AD36: Pass | AG36: =SUM(B36:AD36) -> 0 | AH36: =AG36/29 -> 0
A37: 35 | B37: Pass | C37: Pass | D37: Pass | E37: Pass | F37: Pass | G37: Pass | H37: Pass | I37: Pass | J37: Pass | K37: Pass | L37: Pass | M37: Pass | N37: Pass | O37: Pass | P37: Pass | Q37: Pass | R37: Pass | S37: Pass | T37: Pass | U37: Pass | V37: Pass | W37: Pass | X37: Pass | Y37: Pass | Z37: Pass | AA37: Pass | AB37: Pass | AC37: Pass | AD37: Pass | AG37: =SUM(B37:AD37) -> 0 | AH37: =AG37/29 -> 0
A38: 36 | B38: Dropout | C38: Dropout | D38: Dropout | E38: Dropout | F38: Dropout | G38: Dropout | H38: Dropout | I38: Dropout | J38: Dropout | K38: Dropout | L38: Dropout | M38: Dropout | N38: Dropout | O38: Dropout | P38: Dropout | Q38: Dropout | R38: Dropout | S38: Dropout | T38: Dropout | U38: Dropout | V38: Dropout | W38: Dropout | X38: Dropout | Y38: Dropout | Z38: Dropout | AA38: Dropout | AB38: Dropout | AC38: Dropout | AD38: Dropout | AG38: =SUM(B38:AD38) -> 0 | AH38: =AG38/29 -> 0
A39: 37 | B39: Dropout | C39: Dropout | D39: Dropout | E39: Dropout | F39: Dropout | G39: Dropout | H39: Dropout | I39: Dropout | J39: Dropout | K39: Dropout | L39: Dropout | M39: Dropout | N39: Dropout | O39: Dropout | P39: Pass | Q39: Pass | R39: Dropout | S39: Dropout | T39: Pass | U39: Pass | V39: Pass | W39: Pass | X39: Pass | Y39: Pass | Z39: Pass | AA39: Pass | AB39: Pass | AC39: Pass | AD39: Pass | AG39: =SUM(B39:AD39) -> 0 | AH39: =AG39/29 -> 0
A40: 38 | B40: Pass | C40: Pass | D40: Pass | E40: Pass | F40: Pass | G40: Pass | H40: Pass | I40: Pass | J40: Pass | K40: Pass | L40: Pass | M40: Pass | N40: Pass | O40: Pass | P40: Pass | Q40: Pass | R40: Pass | S40: Pass | T40: Pass | U40: Pass | V40: Pass | W40: Pass | X40: Pass | Y40: Pass | Z40: Pass | AA40: Pass | AB40: Pass | AC40: Pass | AD40: Pass | AG40: =SUM(B40:AD40) -> 0 | AH40: =AG40/29 -> 0
A41: 39 | B41: Dropout | C41: Dropout | D41: Dropout | E41: Dropout | F41: Dropout | G41: Dropout | H41: Dropout | I41: Dropout | J41: Dropout | K41: Dropout | L41: Dropout | M41: Dropout | N41: Dropout | O41: Dropout | P41: Dropout | Q41: Dropout | R41: Dropout | S41: Dropout | T41: Dropout | U41: Dropout | V41: Dropout | W41: Dropout | X41: Dropout | Y41: Dropout | Z41: Dropout | AA41: Dropout | AB41: Dropout | AC41: Dropout | AD41: Dropout | AG41: =SUM(B41:AD41) -> 0 | AH41: =AG41/29 -> 0
A42: 40 | B42: Pass | C42: Pass | D42: Pass | E42: Pass | F42: Pass | G42: Pass | H42: Pass | I42: Pass | J42: Pass | K42: Pass | L42: Pass | M42: Pass | N42: Pass | O42: Pass | P42: Pass | Q42: Pass | R42: Pass | S42: Pass | T42: Pass | U42: Pass | V42: Pass | W42: Pass | X42: Pass | Y42: Pass | Z42: Pass | AA42: Pass | AB42: Pass | AC42: Pass | AD42: Pass | AG42: =SUM(B42:AD42) -> 0 | AH42: =AG42/29 -> 0
A43: 41 | B43: Dropout | C43: Dropout | D43: Dropout | E43: Dropout | F43: Dropout | G43: Dropout | H43: Dropout | I43: Dropout | J43: Dropout | K43: Dropout | L43: Dropout | M43: Dropout | N43: Dropout | O43: Dropout | P43: Dropout | Q43: Dropout | R43: Dropout | S43: Dropout | T43: Dropout | U43: Dropout | V43: Dropout | W43: Dropout | X43: Dropout | Y43: Dropout | Z43: Dropout | AA43: Dropout | AB43: Dropout | AC43: Dropout | AD43: Dropout | AG43: =SUM(B43:AD43) -> 0 | AH43: =AG43/29 -> 0
... A45: 43 | B45: Pass | C45: Pass | D45: Pass | E45: Pass | F45: Pass | G45: Pass | H45: Pass | I45: Pass | J45: Pass | K45: Pass | L45: Pass | M45: Pass | N45: Pass | O45: Pass | P45: Pass | Q45: Pass | R45: Pass | S45: Pass | T45: Pass | U45: Pass | V45: Pass | W45: Pass | X45: Pass | Y45: Pass | Z45: Pass | AA45: Pass | AB45: Pass | AC45: Pass | AD45: Pass | AG45: =SUM(B45:AD45) -> 0 | AH45: =AG45/29 -> 0
A46: 44 | B46: Pass | C46: Pass | D46: Pass | E46: Pass | F46: Pass | G46: Pass | H46: Pass | I46: Pass | J46: Pass | K46: Pass | L46: Pass | M46: Pass | N46: Pass | O46: Pass | P46: Pass | Q46: Pass | R46: Pass | S46: Pass | T46: Pass | U46: Pass | V46: 1 | W46: Pass | X46: Pass | Y46: Pass | Z46: Pass | AA46: Pass | AB46: Pass | AC46: Pass | AD46: Pass | AG46: =SUM(B46:AD46) -> 1 | AH46: =AG46/29 -> 0.034482759
A47: 45 | B47: Dropout | C47: Dropout | D47: Dropout | E47: Dropout | F47: Pass | G47: Dropout | H47: Dropout | I47: Dropout | J47: Pass | K47: Pass | L47: Pass | M47: Pass | N47: Dropout | O47: Dropout | P47: Pass | Q47: Pass | R47: Pass | S47: Pass | T47: Dropout | U47: Dropout | V47: Dropout | W47: Dropout | X47: Dropout | Y47: Dropout | Z47: Dropout | AA47: Dropout | AB47: Dropout | AC47: Dropout | AD47: Dropout | AG47: =SUM(B47:AD47) -> 0 | AH47: =AG47/29 -> 0
A48: 46 | B48: Dropout | C48: Dropout | D48: Dropout | E48: Dropout | F48: Dropout | G48: Dropout | H48: Dropout | I48: Dropout | J48: Dropout | K48: Dropout | L48: Dropout | M48: Dropout | N48: Dropout | O48: Dropout | P48: Dropout | Q48: Dropout | R48: Dropout | S48: Dropout | T48: Dropout | U48: Dropout | V48: Dropout | W48: Dropout | X48: Dropout | Y48: Dropout | Z48: Dropout | AA48: Dropout | AB48: Dropout | AC48: Dropout | AD48: Dropout | AG48: =SUM(B48:AD48) -> 0 | AH48: =AG48/29 -> 0
A49: 47 | B49: Dropout | C49: Dropout | D49: Dropout | E49: Dropout | F49: Pass | G49: Pass | H49: Pass | I49: Pass | J49: Pass | K49: Pass | L49: Dropout | M49: Pass | N49: Pass | O49: Pass | P49: Pass | Q49: Pass | R49: Pass | S49: Pass | T49: Pass | U49: Pass | V49: Pass | W49: Pass | X49: Pass | Y49: Pass | Z49: Pass | AA49: Pass | AB49: Pass | AC49: Pass | AD49: Pass | AG49: =SUM(B49:AD49) -> 0 | AH49: =AG49/29 -> 0
A50: 48 | B50: Dropout | C50: Dropout | D50: Dropout | E50: Dropout | F50: Dropout | G50: Dropout | H50: Dropout | I50: Dropout | J50: Dropout | K50: Dropout | L50: Dropout | M50: Dropout | N50: Dropout | O50: Dropout | P50: Dropout | Q50: Dropout | R50: Dropout | S50: Dropout | T50: Dropout | U50: Dropout | V50: Dropout | W50: Dropout | X50: Dropout | Y50: Dropout | Z50: Dropout | AA50: Dropout | AB50: Dropout | AC50: Dropout | AD50: Dropout | AG50: =SUM(B50:AD50) -> 0 | AH50: =AG50/29 -> 0
A51: 49 | B51: Pass | C51: Pass | D51: Pass | E51: Pass | F51: Pass | G51: Pass | H51: Pass | I51: Pass | J51: Pass | K51: Pass | L51: Pass | M51: Pass | N51: Pass | O51: Pass | P51: Pass | Q51: Pass | R51: Pass | S51: Pass | T51: Pass | U51: Pass | V51: Pass | W51: Pass | X51: Pass | Y51: Pass | Z51: Pass | AA51: Pass | AB51: Pass | AC51: Pass | AD51: Pass | AG51: =SUM(B51:AD51) -> 0 | AH51: =AG51/29 -> 0
A52: 50 | B52: Dropout | C52: Dropout | D52: Dropout | E52: Dropout | F52: Dropout | G52: Dropout | H52: Dropout | I52: Dropout | J52: Dropout | K52: Dropout | L52: Dropout | M52: Dropout | N52: Dropout | O52: Dropout | P52: Dropout | Q52: Dropout | R52: Dropout | S52: Dropout | T52: Dropout | U52: Dropout | V52: Dropout | W52: Dropout | X52: Dropout | Y52: Dropout | Z52: Dropout | AA52: Dropout | AB52: Dropout | AC52: Dropout | AD52: Dropout | AG52: =SUM(B52:AD52) -> 0 | AH52: =AG52/29 -> 0
A53: 51 | B53: Dropout | C53: Dropout | D53: Dropout | E53: Dropout | F53: Dropout | G53: Dropout | H53: Dropout | I53: Dropout | J53: Dropout | K53: Dropout | L53: Dropout | M53: Dropout | N53: Dropout | O53: Dropout | P53: Dropout | Q53: Dropout | R53: Dropout | S53: Dropout | T53: Dropout | U53: Dropout | V53: Dropout | W53: Dropout | X53: Dropout | Y53: Dropout | Z53: Dropout | AA53: Dropout | AB53: Dropout | AC53: Dropout | AD53: Dropout | AG53: =SUM(B53:AD53) -> 0 | AH53: =AG53/29 -> 0
A54: 52 | B54: Pass | C54: Pass | D54: Pass | E54: Pass | F54: Pass | G54: Pass | H54: Pass | I54: Pass | J54: Pass | K54: Pass | L54: Pass | M54: Pass | N54: Pass | O54: Pass | P54: Pass | Q54: Pass | R54: Pass | S54: Pass | T54: Pass | U54: Pass | V54: Pass | W54: Pass | X54: Pass | Y54: Pass | Z54: Pass | AA54: Pass | AB54: Pass | AC54: Pass | AD54: Pass | AG54: =SUM(B54:AD54) -> 0 | AH54: =AG54/29 -> 0
A55: 53 | B55: Dropout | C55: Dropout | D55: Dropout | E55: Dropout | F55: Dropout | G55: Dropout | H55: Dropout | I55: Dropout | J55: Dropout | K55: Dropout | L55: Dropout | M55: Dropout | N55: Dropout | O55: Dropout | P55: Dropout | Q55: Dropout | R55: Dropout | S55: Dropout | T55: Dropout | U55: Dropout | V55: Dropout | W55: Dropout | X55: Dropout | Y55: Dropout | Z55: Dropout | AA55: Dropout | AB55: Dropout | AC55: Dropout | AD55: Dropout | AG55: =SUM(B55:AD55) -> 0 | AH55: =AG55/29 -> 0
A56: 54 | B56: Dropout | C56: Dropout | D56: Dropout | E56: Dropout | F56: Dropout | G56: Dropout | H56: Dropout | I56: Dropout | J56: Dropout | K56: Dropout | L56: Dropout | M56: Dropout | N56: Dropout | O56: Dropout | P56: Dropout | Q56: Dropout | R56: Dropout | S56: Dropout | T56: Dropout | U56: Dropout | V56: Dropout | W56: Dropout | X56: Dropout | Y56: Dropout | Z56: Dropout | AA56: Dropout | AB56: Dropout | AC56: Dropout | AD56: Dropout | AG56: =SUM(B56:AD56) -> 0 | AH56: =AG56/29 -> 0
A57: 55 | B57: Pass | C57: Pass | D57: Pass | E57: Pass | F57: Pass | G57: Pass | H57: Pass | I57: Pass | J57: Pass | K57: Pass | L57: Pass | M57: Pass | N57: Pass | O57: Pass | P57: Pass | Q57: Pass | R57: Pass | S57: Pass | T57: Pass | U57: Pass | V57: Pass | W57: Pass | X57: Pass | Y57: Pass | Z57: Pass | AA57: Pass | AB57: Pass | AC57: Pass | AD57: Pass | AG57: =SUM(B57:AD57) -> 0 | AH57: =AG57/29 -> 0
A58: 56 | B58: Pass | C58: Pass | D58: Pass | E58: Pass | F58: Pass | G58: Pass | H58: Pass | I58: Pass | J58: Pass | K58: Pass | L58: Pass | M58: Pass | N58: Pass | O58: Pass | P58: Pass | Q58: Pass | R58: Pass | S58: Pass | T58: Pass | U58: Pass | V58: Pass | W58: Dropout | X58: Dropout | Y58: Dropout | Z58: Dropout | AA58: Dropout | AB58: Dropout | AC58: Dropout | AD58: Dropout | AG58: =SUM(B58:AD58) -> 0 | AH58: =AG58/29 -> 0
... A63: 61 | B63: Dropout | C63: Dropout | D63: Dropout | E63: Dropout | F63: Pass | G63: Pass | H63: Pass | I63: Pass | J63: Dropout | K63: Dropout | L63: Pass | M63: Pass | N63: Dropout | O63: Dropout | P63: Pass | Q63: Pass | R63: Pass | S63: Pass | T63: Pass | U63: Pass | V63: Pass | W63: Pass | X63: Pass | Y63: Pass | Z63: Pass | AA63: Pass | AB63: Pass | AC63: Pass | AD63: Pass | AG63: =SUM(B63:AD63) -> 0 | AH63: =AG63/29 -> 0
A64: 62 | B64: Dropout | C64: Dropout | D64: Dropout | E64: Dropout | F64: Dropout | G64: Dropout | H64: Pass | I64: 1 | J64: 1 | K64: Dropout | L64: Dropout | M64: Dropout | N64: Dropout | O64: Dropout | P64: Dropout | Q64: Dropout | R64: Dropout | S64: Dropout | T64: Dropout | U64: Dropout | V64: Dropout | W64: Dropout | X64: Dropout | Y64: Dropout | Z64: Dropout | AA64: Dropout | AB64: Dropout | AC64: Dropout | AD64: Dropout | AG64: =SUM(B64:AD64) -> 2 | AH64: =AG64/29 -> 0.068965517
A65: 63 | B65: Dropout | C65: Dropout | D65: Dropout | E65: Dropout | F65: Dropout | G65: Dropout | H65: Dropout | I65: Dropout | J65: Dropout | K65: Dropout | L65: Dropout | M65: Dropout | N65: Dropout | O65: Dropout | P65: Dropout | Q65: Dropout | R65: Dropout | S65: Dropout | T65: Dropout | U65: Dropout | V65: Dropout | W65: Dropout | X65: Dropout | Y65: Dropout | Z65: Dropout | AA65: Dropout | AB65: Dropout | AC65: Dropout | AD65: Dropout | AG65: =SUM(B65:AD65) -> 0 | AH65: =AG65/29 -> 0
A66: 64 | B66: Pass | C66: Pass | D66: Pass | E66: Pass | F66: Pass | G66: Pass | H66: Pass | I66: Pass | J66: Pass | K66: Pass | L66: Pass | M66: Pass | N66: Pass | O66: Pass | P66: Pass | Q66: Pass | R66: Pass | S66: Pass | T66: Pass | U66: Pass | V66: Pass | W66: Pass | X66: Pass | Y66: Pass | Z66: Pass | AA66: Pass | AB66: Pass | AC66: Pass | AD66: Pass | AG66: =SUM(B66:AD66) -> 0 | AH66: =AG66/29 -> 0
A67: 65 | B67: Pass | C67: Pass | D67: Pass | E67: Pass | F67: Pass | G67: Pass | H67: Pass | I67: Pass | J67: Pass | K67: Pass | L67: Pass | M67: Pass | N67: Pass | O67: Pass | P67: Pass | Q67: Pass | R67: Pass | S67: Pass | T67: Pass | U67: Pass | V67: Pass | W67: Pass | X67: Pass | Y67: Pass | Z67: Pass | AA67: Pass | AB67: Pass | AC67: Pass | AD67: Pass | AG67: =SUM(B67:AD67) -> 0 | AH67: =AG67/29 -> 0
A68: 66 | B68: Pass | C68: Pass | D68: Pass | E68: Pass | F68: Pass | G68: Pass | H68: Pass | I68: Pass | J68: Pass | K68: Pass | L68: Pass | M68: Pass | N68: Pass | O68: Pass | P68: Pass | Q68: Pass | R68: Pass | S68: Pass | T68: Pass | U68: Pass | V68: Pass | W68: Pass | X68: Pass | Y68: Pass | Z68: Pass | AA68: Pass | AB68: Pass | AC68: Pass | AD68: Pass | AG68: =SUM(B68:AD68) -> 0 | AH68: =AG68/29 -> 0
A69: 67 | B69: Dropout | C69: Dropout | D69: Dropout | E69: Dropout | F69: Dropout | G69: Dropout | H69: Dropout | I69: Dropout | J69: Dropout | K69: Dropout | L69: Dropout | M69: Dropout | N69: Dropout | O69: Dropout | P69: Dropout | Q69: Dropout | R69: Dropout | S69: Dropout | T69: Dropout | U69: Dropout | V69: Dropout | W69: Dropout | X69: Dropout | Y69: Dropout | Z69: Dropout | AA69: Dropout | AB69: Dropout | AC69: Dropout | AD69: Dropout | AG69: =SUM(B69:AD69) -> 0 | AH69: =AG69/29 -> 0
A70: 68 | B70: Dropout | C70: Dropout | D70: Dropout | E70: Dropout | F70: Dropout | G70: Dropout | H70: Dropout | I70: Dropout | J70: Dropout | K70: Dropout | L70: Dropout | M70: Dropout | N70: Dropout | O70: Dropout | P70: Dropout | Q70: Dropout | R70: Dropout | S70: Dropout | T70: Dropout | U70: Dropout | V70: Dropout | W70: Dropout | X70: Dropout | Y70: Dropout | Z70: Dropout | AA70: Dropout | AB70: Dropout | AC70: Dropout | AD70: Dropout | AG70: =SUM(B70:AD70) -> 0 | AH70: =AG70/29 -> 0
A71: 69 | B71: Dropout | C71: Dropout | D71: Dropout | E71: Dropout | F71: Pass | G71: Pass | H71: Pass | I71: Pass | J71: Pass | K71: Pass | L71: Pass | M71: Pass | N71: Pass | O71: Pass | P71: Pass | Q71: Pass | R71: Pass | S71: Pass | T71: Dropout | U71: Dropout | V71: Dropout | W71: Dropout | X71: Dropout | Y71: Dropout | Z71: Dropout | AA71: Dropout | AB71: Dropout | AC71: Dropout | AD71: Dropout | AG71: =SUM(B71:AD71) -> 0 | AH71: =AG71/29 -> 0
A72: 70 | B72: Pass | C72: Pass | D72: Pass | E72: Pass | F72: Pass | G72: Pass | H72: Pass | I72: Pass | J72: Pass | K72: Pass | L72: Pass | M72: Pass | N72: Pass | O72: Pass | P72: Pass | Q72: Pass | R72: Pass | S72: Pass | T72: Pass | U72: Pass | V72: Pass | W72: Pass | X72: Pass | Y72: Pass | Z72: Pass | AA72: Pass | AB72: Pass | AC72: Pass | AD72: Pass | AG72: =SUM(B72:AD72) -> 0 | AH72: =AG72/29 -> 0
A73: 71 | B73: Dropout | C73: Dropout | D73: Dropout | E73: Dropout | F73: Dropout | G73: Dropout | H73: Dropout | I73: Dropout | J73: Dropout | K73: Dropout | L73: Dropout | M73: Dropout | N73: Dropout | O73: Dropout | P73: Dropout | Q73: Dropout | R73: Dropout | S73: Dropout | T73: Dropout | U73: Dropout | V73: Dropout | W73: Dropout | X73: Dropout | Y73: Dropout | Z73: Dropout | AA73: Dropout | AB73: Dropout | AC73: Dropout | AD73: Dropout | AG73: =SUM(B73:AD73) -> 0 | AH73: =AG73/29 -> 0
A74: 72 | B74: Pass | C74: Pass | D74: Pass | E74: Pass | F74: Pass | G74: Pass | H74: Pass | I74: Pass | J74: Pass | K74: Pass | L74: Pass | M74: Pass | N74: Pass | O74: Pass | P74: Pass | Q74: Pass | R74: Pass | S74: Pass | T74: Pass | U74: Pass | V74: Pass | W74: Pass | X74: Pass | Y74: Pass | Z74: Pass | AA74: Pass | AB74: Pass | AC74: Pass | AD74: Pass | AG74: =SUM(B74:AD74) -> 0 | AH74: =AG74/29 -> 0
A75: 73 | B75: Dropout | C75: Dropout | D75: Dropout | E75: Dropout | F75: Dropout | G75: Dropout | H75: Dropout | I75: Dropout | J75: Dropout | K75: Dropout | L75: Dropout | M75: Dropout | N75: Dropout | O75: Dropout | P75: Dropout | Q75: Dropout | R75: Dropout | S75: Dropout | T75: Dropout | U75: Dropout | V75: Dropout | W75: Dropout | X75: Dropout | Y75: Dropout | Z75: Dropout | AA75: Dropout | AB75: Dropout | AC75: Dropout | AD75: Dropout | AG75: =SUM(B75:AD75) -> 0 | AH75: =AG75/29 -> 0
A76: 74 | B76: Dropout | C76: Dropout | D76: Dropout | E76: Dropout | F76: Dropout | G76: Dropout | H76: Dropout | I76: Dropout | J76: Dropout | K76: Dropout | L76: Dropout | M76: Dropout | N76: Dropout | O76: Dropout | P76: Dropout | Q76: Dropout | R76: Dropout | S76: Dropout | T76: Dropout | U76: Dropout | V76: Dropout | W76: Dropout | X76: Dropout | Y76: Dropout | Z76: Dropout | AA76: Dropout | AB76: Dropout | AC76: Dropout | AD76: Dropout | AG76: =SUM(B76:AD76) -> 0 | AH76: =AG76/29 -> 0
... A92: 90 | B92: Pass | C92: Pass | D92: Pass | E92: Pass | F92: Pass | G92: Pass | H92: Pass | I92: Pass | J92: Pass | K92: Pass | L92: Pass | M92: Pass | N92: Pass | O92: Pass | P92: Pass | Q92: Pass | R92: Pass | S92: Pass | T92: Pass | U92: Pass | V92: Pass | W92: Pass | X92: Pass | Y92: Pass | Z92: Pass | AA92: Pass | AB92: Pass | AC92: Pass | AD92: Pass | AG92: =SUM(B92:AD92) -> 0 | AH92: =AG92/29 -> 0
A93: 91 | B93: Dropout | C93: Dropout | D93: Dropout | E93: Dropout | F93: Dropout | G93: Dropout | H93: Pass | I93: 1 | J93: 1 | K93: 1 | L93: 1 | M93: 1 | N93: 1 | O93: 1 | P93: Dropout | Q93: Dropout | R93: Dropout | S93: Dropout | T93: Dropout | U93: Dropout | V93: Dropout | W93: 1 | X93: Pass | Y93: 1 | Z93: 1 | AA93: 1 | AB93: 1 | AC93: 1 | AD93: 1 | AG93: =SUM(B93:AD93) -> 14 | AH93: =AG93/29 -> 0.48275862
A94: 92 | B94: Dropout | C94: Dropout | D94: Dropout | E94: Dropout | F94: Dropout | G94: Dropout | H94: Dropout | I94: Dropout | J94: Dropout | K94: Dropout | L94: Dropout | M94: Dropout | N94: Dropout | O94: Dropout | P94: Dropout | Q94: Dropout | R94: Dropout | S94: Dropout | T94: Dropout | U94: Dropout | V94: Dropout | W94: Dropout | X94: Dropout | Y94: Dropout | Z94: Dropout | AA94: Dropout | AB94: Dropout | AC94: Dropout | AD94: Dropout | AG94: =SUM(B94:AD94) -> 0 | AH94: =AG94/29 -> 0
A95: 93 | B95: Pass | C95: Pass | D95: Pass | E95: Pass | F95: Pass | G95: Pass | H95: Pass | I95: Pass | J95: Pass | K95: Pass | L95: Pass | M95: Pass | N95: Pass | O95: Pass | P95: Pass | Q95: Pass | R95: Pass | S95: Pass | T95: Pass | U95: Pass | V95: Pass | W95: Pass | X95: Pass | Y95: Pass | Z95: Pass | AA95: Pass | AB95: Pass | AC95: Pass | AD95: Pass | AG95: =SUM(B95:AD95) -> 0 | AH95: =AG95/29 -> 0
A96: 94 | B96: Dropout | C96: Dropout | D96: Dropout | E96: Dropout | F96: Dropout | G96: Dropout | H96: Dropout | I96: Dropout | J96: Dropout | K96: Dropout | L96: Dropout | M96: Dropout | N96: Dropout | O96: Dropout | P96: Dropout | Q96: Dropout | R96: Dropout | S96: Dropout | T96: Dropout | U96: Dropout | V96: Dropout | W96: Dropout | X96: Dropout | Y96: Dropout | Z96: Dropout | AA96: Dropout | AB96: Dropout | AC96: Dropout | AD96: Dropout | AG96: =SUM(B96:AD96) -> 0 | AH96: =AG96/29 -> 0
A97: 95 | B97: Dropout | C97: Dropout | D97: Dropout | E97: Dropout | F97: Dropout | G97: Dropout | H97: Pass | I97: Pass | J97: Pass | K97: Pass | L97: Pass | M97: Pass | N97: Pass | O97: Pass | P97: Pass | Q97: Pass | R97: Pass | S97: Pass | T97: Pass | U97: Pass | V97: Pass | W97: Pass | X97: Pass | Y97: Pass | Z97: Pass | AA97: Pass | AB97: Pass | AC97: Pass | AD97: Pass | AG97: =SUM(B97:AD97) -> 0 | AH97: =AG97/29 -> 0
A98: 96 | B98: Dropout | C98: Dropout | D98: Dropout | E98: Dropout | F98: Dropout | G98: Dropout | H98: Dropout | I98: Dropout | J98: Dropout | K98: Dropout | L98: Dropout | M98: Dropout | N98: Dropout | O98: Dropout | P98: Dropout | Q98: Dropout | R98: Dropout | S98: Dropout | T98: Dropout | U98: Dropout | V98: Dropout | W98: Dropout | X98: Dropout | Y98: Dropout | Z98: Dropout | AA98: Dropout | AB98: Dropout | AC98: Dropout | AD98: Dropout | AG98: =SUM(B98:AD98) -> 0 | AH98: =AG98/29 -> 0
A99: 97 | B99: Pass | C99: Pass | D99: Pass | E99: Pass | F99: Pass | G99: Pass | H99: Pass | I99: Pass | J99: Pass | K99: Pass | L99: Pass | M99: Pass | N99: Pass | O99: Pass | P99: Pass | Q99: Pass | R99: Pass | S99: Pass | T99: Pass | U99: Pass | V99: Pass | W99: Pass | X99: Pass | Y99: Pass | Z99: Pass | AA99: Pass | AB99: Pass | AC99: Pass | AD99: Pass | AG99: =SUM(B99:AD99) -> 0 | AH99: =AG99/29 -> 0
A100: 98 | B100: Dropout | C100: Dropout | D100: Dropout | E100: Dropout | F100: Dropout | G100: Dropout | H100: Dropout | I100: Dropout | J100: Dropout | K100: Dropout | L100: Dropout | M100: Dropout | N100: Dropout | O100: Dropout | P100: Dropout | Q100: Dropout | R100: Dropout | S100: Dropout | T100: Dropout | U100: Dropout | V100: Dropout | W100: Dropout | X100: Dropout | Y100: Dropout | Z100: Dropout | AA100: Dropout | AB100: Dropout | AC100: Dropout | AD100: Dropout | AG100: =SUM(B100:AD100) -> 0 | AH100: =AG100/29 -> 0
A101: 99 | B101: Pass | C101: Pass | D101: Pass | E101: Pass | F101: Pass | G101: Pass | H101: Pass | I101: Pass | J101: Pass | K101: Pass | L101: Pass | M101: Pass | N101: Pass | O101: Pass | P101: Pass | Q101: Pass | R101: Pass | S101: Pass | T101: Pass | U101: Pass | V101: Pass | W101: Pass | X101: Pass | Y101: Pass | Z101: Pass | AA101: Pass | AB101: Pass | AC101: Pass | AD101: Pass | AG101: =SUM(B101:AD101) -> 0 | AH101: =AG101/29 -> 0
A102: 100 | B102: Dropout | C102: Dropout | D102: Dropout | E102: Dropout | F102: Dropout | G102: Dropout | H102: Dropout | I102: Dropout | J102: Dropout | K102: Dropout | L102: Dropout | M102: Dropout | N102: Dropout | O102: Dropout | P102: Dropout | Q102: Dropout | R102: Dropout | S102: Dropout | T102: Dropout | U102: Dropout | V102: Dropout | W102: Dropout | X102: Dropout | Y102: Dropout | Z102: Dropout | AA102: Dropout | AB102: Dropout | AC102: Dropout | AD102: Dropout | AG102: =SUM(B102:AD102) -> 0 | AH102: =AG102/29 -> 0
A103: 101 | B103: Pass | C103: Pass | D103: Pass | E103: Pass | F103: Pass | G103: Pass | H103: Pass | I103: Pass | J103: Pass | K103: Pass | L103: Pass | M103: Pass | N103: Pass | O103: Pass | P103: Pass | Q103: Pass | R103: Pass | S103: Pass | T103: Pass | U103: Pass | V103: Pass | W103: Pass | X103: Pass | Y103: Pass | Z103: Pass | AA103: Pass | AB103: Pass | AC103: Pass | AD103: Pass | AG103: =SUM(B103:AD103) -> 0 | AH103: =AG103/29 -> 0
A104: 102 | B104: Dropout | C104: Dropout | D104: Dropout | E104: Dropout | F104: Dropout | G104: Dropout | H104: Dropout | I104: Dropout | J104: Dropout | K104: Dropout | L104: Dropout | M104: Dropout | N104: Dropout | O104: Dropout | P104: Dropout | Q104: Dropout | R104: Dropout | S104: Dropout | T104: Dropout | U104: Dropout | V104: Dropout | W104: Dropout | X104: Dropout | Y104: Dropout | Z104: Dropout | AA104: Dropout | AB104: Dropout | AC104: Dropout | AD104: Dropout | AG104: =SUM(B104:AD104) -> 0 | AH104: =AG104/29 -> 0
A105: 103 | B105: Pass | C105: Pass | D105: Pass | E105: Pass | F105: Pass | G105: Pass | H105: Pass | I105: Pass | J105: Pass | K105: Pass | L105: Pass | M105: Pass | N105: Pass | O105: Pass | P105: Pass | Q105: Pass | R105: Pass | S105: Pass | T105: Pass | U105: Pass | V105: Pass | W105: Pass | X105: Pass | Y105: Pass | Z105: Pass | AA105: Pass | AB105: Pass | AC105: Pass | AD105: Pass | AG105: =SUM(B105:AD105) -> 0 | AH105: =AG105/29 -> 0
... A117: 115 | B117: Pass | C117: Pass | D117: Pass | E117: Pass | F117: Pass | G117: Pass | H117: Pass | I117: Pass | J117: Pass | K117: Pass | L117: Pass | M117: Pass | N117: Pass | O117: Pass | P117: Pass | Q117: Pass | R117: Pass | S117: Pass | T117: Pass | U117: Pass | V117: Pass | W117: Pass | X117: Pass | Y117: Pass | Z117: Pass | AA117: Pass | AB117: Pass | AC117: Pass | AD117: Pass | AG117: =SUM(B117:AD117) -> 0 | AH117: =AG117/29 -> 0
A118: 116 | B118: Dropout | C118: Dropout | D118: Dropout | E118: Dropout | F118: Dropout | G118: Dropout | H118: Pass | I118: 1 | J118: 1 | K118: Dropout | L118: Dropout | M118: Dropout | N118: Dropout | O118: Dropout | P118: Dropout | Q118: Dropout | R118: Dropout | S118: Dropout | T118: Dropout | U118: Dropout | V118: Dropout | W118: Dropout | X118: Dropout | Y118: Dropout | Z118: Dropout | AA118: Dropout | AB118: Dropout | AC118: Dropout | AD118: Dropout | AG118: =SUM(B118:AD118) -> 2 | AH118: =AG118/29 -> 0.068965517
A119: 117 | B119: Dropout | C119: Dropout | D119: Dropout | E119: Dropout | F119: Dropout | G119: Dropout | H119: Dropout | I119: Dropout | J119: Dropout | K119: Dropout | L119: Dropout | M119: Dropout | N119: Dropout | O119: Dropout | P119: Dropout | Q119: Dropout | R119: Dropout | S119: Dropout | T119: Dropout | U119: Dropout | V119: Dropout | W119: Dropout | X119: Dropout | Y119: Dropout | Z119: Dropout | AA119: Dropout | AB119: Dropout | AC119: Dropout | AD119: Dropout | AG119: =SUM(B119:AD119) -> 0 | AH119: =AG119/29 -> 0
A120: 118 | B120: Pass | C120: Pass | D120: Pass | E120: Pass | F120: Pass | G120: Pass | H120: Pass | I120: Pass | J120: Pass | K120: Pass | L120: Pass | M120: Pass | N120: Pass | O120: Pass | P120: Pass | Q120: Pass | R120: Pass | S120: Pass | T120: Pass | U120: Pass | V120: Pass | W120: Pass | X120: Pass | Y120: Pass | Z120: Pass | AA120: Pass | AB120: Pass | AC120: Pass | AD120: Pass | AG120: =SUM(B120:AD120) -> 0 | AH120: =AG120/29 -> 0
A121: 119 | B121: Pass | C121: Pass | D121: Pass | E121: Pass | F121: Pass | G121: Pass | H121: Pass | I121: Pass | J121: Pass | K121: Pass | L121: Pass | M121: Pass | N121: Pass | O121: Pass | P121: Pass | Q121: Pass | R121: Pass | S121: Pass | T121: Pass | U121: Pass | V121: Pass | W121: Pass | X121: Pass | Y121: Pass | Z121: Pass | AA121: Pass | AB121: Pass | AC121: Pass | AD121: Pass | AG121: =SUM(B121:AD121) -> 0 | AH121: =AG121/29 -> 0
A122: 120 | B122: Dropout | C122: Dropout | D122: Dropout | E122: Dropout | F122: Dropout | G122: Dropout | H122: Dropout | I122: Dropout | J122: Dropout | K122: Dropout | L122: Dropout | M122: Dropout | N122: Dropout | O122: Dropout | P122: Dropout | Q122: Dropout | R122: Dropout | S122: Dropout | T122: Dropout | U122: Dropout | V122: Dropout | W122: Dropout | X122: Dropout | Y122: Dropout | Z122: Dropout | AA122: Dropout | AB122: Dropout | AC122: Dropout | AD122: Dropout | AG122: =SUM(B122:AD122) -> 0 | AH122: =AG122/29 -> 0
A123: 121 | B123: Pass | C123: Pass | D123: Pass | E123: Pass | F123: Pass | G123: Pass | H123: Pass | I123: Pass | J123: Pass | K123: Pass | L123: Pass | M123: Pass | N123: Pass | O123: Pass | P123: Pass | Q123: Pass | R123: Pass | S123: Pass | T123: Pass | U123: Pass | V123: Pass | W123: Pass | X123: Pass | Y123: Pass | Z123: Pass | AA123: Pass | AB123: Pass | AC123: Pass | AD123: Pass | AG123: =SUM(B123:AD123) -> 0 | AH123: =AG123/29 -> 0
A124: 122 | B124: Dropout | C124: Dropout | D124: Dropout | E124: Dropout | F124: Dropout | G124: Dropout | H124: Dropout | I124: Dropout | J124: Dropout | K124: Dropout | L124: Dropout | M124: Dropout | N124: Dropout | O124: Dropout | P124: Dropout | Q124: Dropout | R124: Dropout | S124: Dropout | T124: Dropout | U124: Dropout | V124: Dropout | W124: Dropout | X124: Dropout | Y124: Dropout | Z124: Dropout | AA124: Dropout | AB124: Dropout | AC124: Dropout | AD124: Dropout | AG124: =SUM(B124:AD124) -> 0 | AH124: =AG124/29 -> 0
A125: 123 | B125: Dropout | C125: Dropout | D125: Dropout | E125: Dropout | F125: Dropout | G125: Dropout | H125: Pass | I125: Pass | J125: Dropout | K125: Dropout | L125: Dropout | M125: Dropout | N125: Dropout | O125: Dropout | P125: Dropout | Q125: Dropout | R125: Dropout | S125: Dropout | T125: Dropout | U125: Dropout | V125: Dropout | W125: Dropout | X125: Dropout | Y125: Dropout | Z125: Dropout | AA125: Dropout | AB125: Dropout | AC125: Dropout | AD125: Dropout | AG125: =SUM(B125:AD125) -> 0 | AH125: =AG125/29 -> 0
A126: 124 | B126: Pass | C126: Pass | D126: Pass | E126: Pass | F126: Pass | G126: Pass | H126: Pass | I126: Pass | J126: Pass | K126: Pass | L126: Pass | M126: Pass | N126: Pass | O126: Pass | P126: Pass | Q126: Pass | R126: Pass | S126: Pass | T126: Pass | U126: Pass | V126: Pass | W126: Pass | X126: Pass | Y126: Pass | Z126: Pass | AA126: Pass | AB126: Pass | AC126: Pass | AD126: Pass | AG126: =SUM(B126:AD126) -> 0 | AH126: =AG126/29 -> 0
A127: 125 | B127: Pass | C127: Pass | D127: Pass | E127: Pass | F127: Pass | G127: Pass | H127: Pass | I127: Pass | J127: Dropout | K127: Dropout | L127: Dropout | M127: Dropout | N127: Dropout | O127: Dropout | P127: Dropout | Q127: Dropout | R127: Dropout | S127: Dropout | T127: Dropout | U127: Dropout | V127: Dropout | W127: Dropout | X127: Dropout | Y127: Dropout | Z127: Dropout | AA127: Dropout | AB127: Dropout | AC127: Dropout | AD127: Dropout | AG127: =SUM(B127:AD127) -> 0 | AH127: =AG127/29 -> 0
A128: 126 | B128: Dropout | C128: Dropout | D128: Dropout | E128: Dropout | F128: Dropout | G128: Dropout | H128: Dropout | I128: Dropout | J128: Dropout | K128: Dropout | L128: Dropout | M128: Dropout | N128: Dropout | O128: Dropout | P128: Dropout | Q128: Dropout | R128: Dropout | S128: Dropout | T128: Dropout | U128: Dropout | V128: Dropout | W128: Dropout | X128: Dropout | Y128: Dropout | Z128: Dropout | AA128: Dropout | AB128: Dropout | AC128: Dropout | AD128: Dropout | AG128: =SUM(B128:AD128) -> 0 | AH128: =AG128/29 -> 0
A129: 127 | B129: Pass | C129: Pass | D129: Pass | E129: Pass | F129: Pass | G129: Pass | H129: Pass | I129: Pass | J129: Pass | K129: Pass | L129: Pass | M129: Pass | N129: Pass | O129: Pass | P129: Pass | Q129: Pass | R129: Pass | S129: Pass | T129: Pass | U129: Pass | V129: Pass | W129: Pass | X129: Pass | Y129: Pass | Z129: Pass | AA129: Pass | AB129: Pass | AC129: Pass | AD129: Pass | AG129: =SUM(B129:AD129) -> 0 | AH129: =AG129/29 -> 0
A130: 128 | B130: Pass | C130: Pass | D130: Pass | E130: Pass | F130: Pass | G130: Pass | H130: Pass | I130: Pass | J130: Pass | K130: Pass | L130: Pass | M130: Pass | N130: Pass | O130: Pass | P130: Pass | Q130: Pass | R130: Pass | S130: Pass | T130: Pass | U130: Pass | V130: Pass | W130: Pass | X130: Pass | Y130: Pass | Z130: Pass | AA130: Pass | AB130: Pass | AC130: Pass | AD130: Pass | AG130: =SUM(B130:AD130) -> 0 | AH130: =AG130/29 -> 0
... A141: 139 | B141: Dropout | C141: Dropout | D141: Dropout | E141: Dropout | F141: Dropout | G141: Dropout | H141: Dropout | I141: Dropout | J141: Dropout | K141: Dropout | L141: Dropout | M141: Dropout | N141: Dropout | O141: Dropout | P141: Dropout | Q141: Dropout | R141: Dropout | S141: Dropout | T141: Dropout | U141: Dropout | V141: Dropout | W141: Dropout | X141: Dropout | Y141: Dropout | Z141: Dropout | AA141: Dropout | AB141: Dropout | AC141: Dropout | AD141: Dropout | AG141: =SUM(B141:AD141) -> 0 | AH141: =AG141/29 -> 0
...

Sheet probaDropout
A1: ID_Student | B1: 1 | C1: 2 | D1: 3 | E1: 4 | F1: 5 | G1: 6 | H1: 7 | I1: 8 | J1: 9 | K1: 10 | L1: 11 | M1: 12 | N1: 13 | O1: 14 | P1: 15 | Q1: 16 | R1: 17 | S1: 18 | T1: 19 | U1: 20 | V1: 21 | W1: 22 | X1: 23 | Y1: 24 | Z1: 25 | AA1: 26 | AB1: 27 | AC1: 28 | AD1: 29 | AF1: 0 | AG1: 0 | AH1: Dropout | AI1: Proba_dropout
A2: 0 | B2: 1 | C2: Pass | D2: Pass | E2: Pass | F2: 1 | G2: 1 | H2: 1 | I2: 1 | J2: 1 | K2: 1 | L2: 1 | M2: 1 | N2: 1 | O2: 1 | P2: 1 | Q2: 1 | R2: 1 | S2: 1 | T2: 1 | U2: 1 | V2: 1 | W2: 1 | X2: 1 | Y2: 1 | Z2: 1 | AA2: 1 | AB2: 1 | AC2: 1 | AD2: 1 | AH2: =SUM(B2:AD2) -> 26 | AI2: =AH2/29 -> 0.89655172
A3: 1 | B3: 1 | C3: 1 | D3: 1 | E3: 1 | F3: 1 | G3: 1 | H3: 1 | I3: 1 | J3: 1 | K3: 1 | L3: 1 | M3: 1 | N3: 1 | O3: 1 | P3: 1 | Q3: 1 | R3: 1 | S3: 1 | T3: 1 | U3: 1 | V3: 1 | W3: 1 | X3: 1 | Y3: 1 | Z3: 1 | AA3: 1 | AB3: 1 | AC3: 1 | AD3: 1 | AH3: =SUM(B3:AD3) -> 29 | AI3: =AH3/29 -> 1
A4: 2 | B4: Pass | C4: Pass | D4: Pass | E4: Pass | F4: Pass | G4: Pass | H4: Pass | I4: Pass | J4: Pass | K4: Pass | L4: Pass | M4: Pass | N4: Pass | O4: Pass | P4: Pass | Q4: Pass | R4: Pass | S4: Pass | T4: Pass | U4: Pass | V4: Pass | W4: Pass | X4: Pass | Y4: Pass | Z4: Pass | AA4: Pass | AB4: Pass | AC4: Pass | AD4: Pass | AH4: =SUM(B4:AD4) -> 0 | AI4: =AH4/29 -> 0
A5: 3 | B5: Pass | C5: Pass | D5: Pass | E5: Pass | F5: Pass | G5: Pass | H5: Pass | I5: Pass | J5: Pass | K5: Pass | L5: Pass | M5: Pass | N5: Pass | O5: Pass | P5: Pass | Q5: Pass | R5: Pass | S5: Pass | T5: Pass | U5: Pass | V5: Pass | W5: Pass | X5: Pass | Y5: Pass | Z5: Pass | AA5: Pass | AB5: Pass | AC5: Pass | AD5: Pass | AH5: =SUM(B5:AD5) -> 0 | AI5: =AH5/29 -> 0
A6: 4 | B6: 1 | C6: 1 | D6: 1 | E6: 1 | F6: 1 | G6: 1 | H6: 1 | I6: 1 | J6: Fail | K6: Fail | L6: Fail | M6: Fail | N6: Fail | O6: Fail | P6: 1 | Q6: 1 | R6: 1 | S6: 1 | T6: 1 | U6: 1 | V6: 1 | W6: 1 | X6: 1 | Y6: 1 | Z6: 1 | AA6: 1 | AB6: 1 | AC6: 1 | AD6: 1 | AH6: =SUM(B6:AD6) -> 23 | AI6: =AH6/29 -> 0.79310345
A7: 5 | B7: 1 | C7: 1 | D7: 1 | E7: 1 | F7: 1 | G7: 1 | H7: 1 | I7: 1 | J7: 1 | K7: 1 | L7: 1 | M7: 1 | N7: 1 | O7: 1 | P7: 1 | Q7: 1 | R7: 1 | S7: 1 | T7: 1 | U7: 1 | V7: Pass | W7: Pass | X7: Pass | Y7: Pass | Z7: Pass | AA7: Pass | AB7: Pass | AC7: Pass | AD7: Pass | AH7: =SUM(B7:AD7) -> 20 | AI7: =AH7/29 -> 0.68965517
A8: 6 | B8: 1 | C8: 1 | D8: 1 | E8: 1 | F8: 1 | G8: 1 | H8: 1 | I8: 1 | J8: 1 | K8: 1 | L8: 1 | M8: 1 | N8: 1 | O8: 1 | P8: 1 | Q8: 1 | R8: 1 | S8: 1 | T8: 1 | U8: 1 | V8: 1 | W8: 1 | X8: 1 | Y8: 1 | Z8: 1 | AA8: 1 | AB8: 1 | AC8: 1 | AD8: 1 | AH8: =SUM(B8:AD8) -> 29 | AI8: =AH8/29 -> 1
A9: 7 | B9: Pass | C9: Pass | D9: Pass | E9: Pass | F9: Pass | G9: Pass | H9: Pass | I9: Pass | J9: Pass | K9: Pass | L9: Pass | M9: Pass | N9: Pass | O9: Pass | P9: Pass | Q9: Pass | R9: Pass | S9: Pass | T9: Pass | U9: Pass | V9: Pass | W9: Pass | X9: Pass | Y9: Pass | Z9: Pass | AA9: Pass | AB9: Pass | AC9: Pass | AD9: Pass | AH9: =SUM(B9:AD9) -> 0 | AI9: =AH9/29 -> 0
A10: 8 | B10: Pass | C10: Pass | D10: Pass | E10: Pass | F10: Pass | G10: Pass | H10: Pass | I10: Pass | J10: Pass | K10: Pass | L10: Pass | M10: Pass | N10: Pass | O10: Pass | P10: Pass | Q10: Pass | R10: Pass | S10: Pass | T10: Pass | U10: Pass | V10: Pass | W10: Pass | X10: Pass | Y10: Pass | Z10: Pass | AA10: Pass | AB10: Pass | AC10: Pass | AD10: Pass | AH10: =SUM(B10:AD10) -> 0 | AI10: =AH10/29 -> 0
A11: 9 | B11: 1 | C11: 1 | D11: 1 | E11: 1 | F11: Pass | G11: 1 | H11: 1 | I11: 1 | J11: 1 | K11: 1 | L11: 1 | M11: 1 | N11: 1 | O11: 1 | P11: 1 | Q11: 1 | R11: 1 | S11: 1 | T11: 1 | U11: 1 | V11: 1 | W11: 1 | X11: 1 | Y11: 1 | Z11: 1 | AA11: 1 | AB11: 1 | AC11: 1 | AD11: 1 | AH11: =SUM(B11:AD11) -> 28 | AI11: =AH11/29 -> 0.96551724
A12: 10 | B12: Pass | C12: Pass | D12: Pass | E12: Pass | F12: Pass | G12: Pass | H12: Pass | I12: Pass | J12: Pass | K12: Pass | L12: Pass | M12: Pass | N12: Pass | O12: Pass | P12: Pass | Q12: Pass | R12: Pass | S12: Pass | T12: Pass | U12: Pass | V12: Pass | W12: Pass | X12: Pass | Y12: Pass | Z12: Pass | AA12: Pass | AB12: Pass | AC12: Pass | AD12: Pass | AH12: =SUM(B12:AD12) -> 0 | AI12: =AH12/29 -> 0
A13: 11 | B13: 1 | C13: 1 | D13: 1 | E13: 1 | F13: 1 | G13: 1 | H13: 1 | I13: 1 | J13: Pass | K13: Pass | L13: Pass | M13: Pass | N13: Pass | O13: Pass | P13: Pass | Q13: Pass | R13: Pass | S13: Pass | T13: Pass | U13: Pass | V13: Pass | W13: Pass | X13: Pass | Y13: Pass | Z13: Pass | AA13: Pass | AB13: Pass | AC13: Pass | AD13: Pass | AH13: =SUM(B13:AD13) -> 8 | AI13: =AH13/29 -> 0.27586207
A14: 12 | B14: Pass | C14: Pass | D14: Pass | E14: Pass | F14: Pass | G14: Pass | H14: Pass | I14: Pass | J14: Pass | K14: Pass | L14: Pass | M14: Pass | N14: Pass | O14: Pass | P14: Pass | Q14: Pass | R14: Pass | S14: Pass | T14: Pass | U14: Pass | V14: Pass | W14: Pass | X14: Pass | Y14: Pass | Z14: Pass | AA14: Pass | AB14: Pass | AC14: Pass | AD14: Pass | AH14: =SUM(B14:AD14) -> 0 | AI14: =AH14/29 -> 0
A15: 13 | B15: 1 | C15: 1 | D15: 1 | E15: 1 | F15: 1 | G15: 1 | H15: 1 | I15: 1 | J15: 1 | K15: 1 | L15: 1 | M15: 1 | N15: 1 | O15: 1 | P15: 1 | Q15: 1 | R15: 1 | S15: 1 | T15: 1 | U15: 1 | V15: 1 | W15: 1 | X15: 1 | Y15: 1 | Z15: 1 | AA15: 1 | AB15: 1 | AC15: 1 | AD15: 1 | AH15: =SUM(B15:AD15) -> 29 | AI15: =AH15/29 -> 1
A16: 14 | B16: Pass | C16: Pass | D16: Pass | E16: Pass | F16: Pass | G16: Pass | H16: Pass | I16: Pass | J16: Pass | K16: Pass | L16: Pass | M16: Pass | N16: Pass | O16: Pass | P16: Pass | Q16: Pass | R16: Pass | S16: Pass | T16: Pass | U16: Pass | V16: Pass | W16: Pass | X16: Pass | Y16: Pass | Z16: Pass | AA16: Pass | AB16: Pass | AC16: Pass | AD16: Pass | AH16: =SUM(B16:AD16) -> 0 | AI16: =AH16/29 -> 0
A17: 15 | B17: Pass | C17: Pass | D17: Pass | E17: Pass | F17: Pass | G17: Pass | H17: Pass | I17: Pass | J17: Pass | K17: Pass | L17: Pass | M17: Pass | N17: Pass | O17: Pass | P17: Pass | Q17: Pass | R17: Pass | S17: Pass | T17: Pass | U17: Pass | V17: Pass | W17: Pass | X17: 1 | Y17: 1 | Z17: 1 | AA17: 1 | AB17: 1 | AC17: 1 | AD17: 1 | AH17: =SUM(B17:AD17) -> 7 | AI17: =AH17/29 -> 0.24137931
A18: 16 | B18: 1 | C18: 1 | D18: 1 | E18: 1 | F18: 1 | G18: 1 | H18: 1 | I18: 1 | J18: 1 | K18: 1 | L18: 1 | M18: 1 | N18: 1 | O18: 1 | P18: 1 | Q18: 1 | R18: 1 | S18: 1 | T18: 1 | U18: 1 | V18: 1 | W18: 1 | X18: 1 | Y18: 1 | Z18: 1 | AA18: 1 | AB18: 1 | AC18: 1 | AD18: 1 | AH18: =SUM(B18:AD18) -> 29 | AI18: =AH18/29 -> 1
A19: 17 | B19: 1 | C19: 1 | D19: 1 | E19: 1 | F19: Pass | G19: Pass | H19: Pass | I19: Pass | J19: Fail | K19: Fail | L19: Fail | M19: Fail | N19: Pass | O19: Pass | P19: Pass | Q19: Pass | R19: Pass | S19: Pass | T19: Pass | U19: Pass | V19: Pass | W19: Pass | X19: Pass | Y19: Pass | Z19: Pass | AA19: Pass | AB19: Pass | AC19: Pass | AD19: Pass | AH19: =SUM(B19:AD19) -> 4 | AI19: =AH19/29 -> 0.13793103
A20: 18 | B20: 1 | C20: 1 | D20: 1 | E20: 1 | F20: 1 | G20: 1 | H20: 1 | I20: 1 | J20: 1 | K20: 1 | L20: 1 | M20: 1 | N20: 1 | O20: 1 | P20: 1 | Q20: 1 | R20: 1 | S20: 1 | T20: 1 | U20: 1 | V20: 1 | W20: 1 | X20: 1 | Y20: 1 | Z20: 1 | AA20: 1 | AB20: 1 | AC20: 1 | AD20: 1 | AH20: =SUM(B20:AD20) -> 29 | AI20: =AH20/29 -> 1
A21: 19 | B21: Pass | C21: Pass | D21: Pass | E21: Pass | F21: Pass | G21: Pass | H21: Pass | I21: Pass | J21: Pass | K21: Pass | L21: Pass | M21: Pass | N21: Pass | O21: Pass | P21: Pass | Q21: Pass | R21: Pass | S21: Pass | T21: Pass | U21: Pass | V21: Pass | W21: Pass | X21: Pass | Y21: Pass | Z21: Pass | AA21: Pass | AB21: Pass | AC21: Pass | AD21: Pass | AH21: =SUM(B21:AD21) -> 0 | AI21: =AH21/29 -> 0
A22: 20 | B22: 1 | C22: 1 | D22: 1 | E22: 1 | F22: 1 | G22: 1 | H22: 1 | I22: 1 | J22: 1 | K22: 1 | L22: 1 | M22: 1 | N22: 1 | O22: 1 | P22: 1 | Q22: 1 | R22: 1 | S22: 1 | T22: 1 | U22: 1 | V22: 1 | W22: 1 | X22: 1 | Y22: 1 | Z22: 1 | AA22: 1 | AB22: 1 | AC22: 1 | AD22: 1 | AH22: =SUM(B22:AD22) -> 29 | AI22: =AH22/29 -> 1
A23: 21 | B23: Pass | C23: Pass | D23: Pass | E23: Pass | F23: Pass | G23: Pass | H23: Pass | I23: Pass | J23: Pass | K23: Pass | L23: Pass | M23: Pass | N23: Pass | O23: Pass | P23: Pass | Q23: Pass | R23: Pass | S23: Pass | T23: Pass | U23: Pass | V23: Pass | W23: Pass | X23: Pass | Y23: Pass | Z23: Pass | AA23: Pass | AB23: Pass | AC23: Pass | AD23: Pass | AH23: =SUM(B23:AD23) -> 0 | AI23: =AH23/29 -> 0
A24: 22 | B24: 1 | C24: 1 | D24: 1 | E24: 1 | F24: 1 | G24: 1 | H24: 1 | I24: 1 | J24: 1 | K24: 1 | L24: 1 | M24: 1 | N24: 1 | O24: 1 | P24: 1 | Q24: 1 | R24: 1 | S24: 1 | T24: 1 | U24: 1 | V24: 1 | W24: 1 | X24: 1 | Y24: 1 | Z24: 1 | AA24: 1 | AB24: 1 | AC24: 1 | AD24: 1 | AH24: =SUM(B24:AD24) -> 29 | AI24: =AH24/29 -> 1
A25: 23 | B25: 1 | C25: 1 | D25: 1 | E25: 1 | F25: 1 | G25: 1 | H25: 1 | I25: 1 | J25: 1 | K25: 1 | L25: 1 | M25: 1 | N25: 1 | O25: 1 | P25: 1 | Q25: 1 | R25: 1 | S25: 1 | T25: 1 | U25: 1 | V25: 1 | W25: 1 | X25: 1 | Y25: 1 | Z25: 1 | AA25: 1 | AB25: 1 | AC25: 1 | AD25: 1 | AH25: =SUM(B25:AD25) -> 29 | AI25: =AH25/29 -> 1
A26: 24 | B26: Pass | C26: Pass | D26: Pass | E26: Pass | F26: Pass | G26: Pass | H26: Pass | I26: Pass | J26: Pass | K26: Pass | L26: Pass | M26: Pass | N26: Pass | O26: Pass | P26: Pass | Q26: Pass | R26: Pass | S26: Pass | T26: Pass | U26: Pass | V26: Pass | W26: Pass | X26: Pass | Y26: Pass | Z26: Pass | AA26: Pass | AB26: Pass | AC26: Pass | AD26: Pass | AH26: =SUM(B26:AD26) -> 0 | AI26: =AH26/29 -> 0
A27: 25 | B27: Pass | C27: Pass | D27: Pass | E27: Pass | F27: Pass | G27: Pass | H27: Pass | I27: Pass | J27: Pass | K27: Pass | L27: Pass | M27: Pass | N27: Pass | O27: Pass | P27: Pass | Q27: Pass | R27: Pass | S27: Pass | T27: Pass | U27: Pass | V27: Pass | W27: Pass | X27: Pass | Y27: Pass | Z27: Pass | AA27: Pass | AB27: Pass | AC27: Pass | AD27: Pass | AH27: =SUM(B27:AD27) -> 0 | AI27: =AH27/29 -> 0
A28: 26 | B28: 1 | C28: 1 | D28: 1 | E28: 1 | F28: 1 | G28: 1 | H28: 1 | I28: 1 | J28: 1 | K28: 1 | L28: 1 | M28: 1 | N28: 1 | O28: 1 | P28: Pass | Q28: Pass | R28: Pass | S28: Pass | T28: Pass | U28: Pass | V28: 1 | W28: 1 | X28: 1 | Y28: 1 | Z28: 1 | AA28: 1 | AB28: 1 | AC28: 1 | AD28: 1 | AH28: =SUM(B28:AD28) -> 23 | AI28: =AH28/29 -> 0.79310345
A29: 27 | B29: 1 | C29: 1 | D29: 1 | E29: 1 | F29: 1 | G29: 1 | H29: 1 | I29: 1 | J29: 1 | K29: 1 | L29: 1 | M29: 1 | N29: 1 | O29: 1 | P29: 1 | Q29: 1 | R29: 1 | S29: 1 | T29: 1 | U29: 1 | V29: 1 | W29: 1 | X29: 1 | Y29: 1 | Z29: 1 | AA29: 1 | AB29: 1 | AC29: 1 | AD29: 1 | AH29: =SUM(B29:AD29) -> 29 | AI29: =AH29/29 -> 1
A30: 28 | B30: Pass | C30: Pass | D30: Pass | E30: Pass | F30: Pass | G30: Pass | H30: Pass | I30: Pass | J30: Pass | K30: Pass | L30: Pass | M30: Pass | N30: Pass | O30: Pass | P30: Pass | Q30: Pass | R30: Pass | S30: Pass | T30: Pass | U30: Pass | V30: Pass | W30: Pass | X30: Pass | Y30: Pass | Z30: Pass | AA30: Pass | AB30: Pass | AC30: Pass | AD30: Pass | AH30: =SUM(B30:AD30) -> 0 | AI30: =AH30/29 -> 0
A31: 29 | B31: 1 | C31: 1 | D31: 1 | E31: 1 | F31: 1 | G31: 1 | H31: Pass | I31: Fail | J31: Fail | K31: Fail | L31: Fail | M31: Fail | N31: Fail | O31: Fail | P31: 1 | Q31: 1 | R31: 1 | S31: 1 | T31: 1 | U31: 1 | V31: 1 | W31: 1 | X31: 1 | Y31: 1 | Z31: 1 | AA31: 1 | AB31: 1 | AC31: 1 | AD31: 1 | AH31: =SUM(B31:AD31) -> 21 | AI31: =AH31/29 -> 0.72413793
A32: 30 | B32: 1 | C32: 1 | D32: 1 | E32: 1 | F32: 1 | G32: 1 | H32: 1 | I32: 1 | J32: 1 | K32: 1 | L32: 1 | M32: 1 | N32: 1 | O32: 1 | P32: 1 | Q32: 1 | R32: 1 | S32: 1 | T32: 1 | U32: 1 | V32: 1 | W32: 1 | X32: 1 | Y32: 1 | Z32: 1 | AA32: 1 | AB32: 1 | AC32: 1 | AD32: 1 | AH32: =SUM(B32:AD32) -> 29 | AI32: =AH32/29 -> 1
A33: 31 | B33: Pass | C33: Pass | D33: Pass | E33: Pass | F33: Pass | G33: Pass | H33: Pass | I33: Pass | J33: Pass | K33: Pass | L33: Pass | M33: Pass | N33: Pass | O33: Pass | P33: Pass | Q33: Pass | R33: Pass | S33: Pass | T33: Pass | U33: Pass | V33: Pass | W33: Pass | X33: Pass | Y33: Pass | Z33: Pass | AA33: Pass | AB33: Pass | AC33: Pass | AD33: Pass | AH33: =SUM(B33:AD33) -> 0 | AI33: =AH33/29 -> 0
A34: 32 | B34: 1 | C34: 1 | D34: 1 | E34: 1 | F34: 1 | G34: 1 | H34: 1 | I34: 1 | J34: 1 | K34: 1 | L34: 1 | M34: 1 | N34: 1 | O34: 1 | P34: 1 | Q34: 1 | R34: 1 | S34: 1 | T34: 1 | U34: 1 | V34: 1 | W34: 1 | X34: 1 | Y34: 1 | Z34: 1 | AA34: 1 | AB34: 1 | AC34: 1 | AD34: 1 | AH34: =SUM(B34:AD34) -> 29 | AI34: =AH34/29 -> 1
A35: 33 | B35: 1 | C35: 1 | D35: 1 | E35: 1 | F35: 1 | G35: 1 | H35: 1 | I35: 1 | J35: 1 | K35: 1 | L35: 1 | M35: 1 | N35: 1 | O35: 1 | P35: 1 | Q35: 1 | R35: 1 | S35: 1 | T35: 1 | U35: 1 | V35: 1 | W35: 1 | X35: 1 | Y35: 1 | Z35: 1 | AA35: 1 | AB35: 1 | AC35: 1 | AD35: 1 | AH35: =SUM(B35:AD35) -> 29 | AI35: =AH35/29 -> 1
A36: 34 | B36: Pass | C36: Pass | D36: Pass | E36: Pass | F36: Pass | G36: Pass | H36: Pass | I36: Pass | J36: Pass | K36: Pass | L36: Pass | M36: Pass | N36: Pass | O36: Pass | P36: Pass | Q36: Pass | R36: Pass | S36: Pass | T36: Pass | U36: Pass | V36: Pass | W36: Pass | X36: Pass | Y36: Pass | Z36: Pass | AA36: Pass | AB36: Pass | AC36: Pass | AD36: Pass | AH36: =SUM(B36:AD36) -> 0 | AI36: =AH36/29 -> 0
A37: 35 | B37: Pass | C37: Pass | D37: Pass | E37: Pass | F37: Pass | G37: Pass | H37: Pass | I37: Pass | J37: Pass | K37: Pass | L37: Pass | M37: Pass | N37: Pass | O37: Pass | P37: Pass | Q37: Pass | R37: Pass | S37: Pass | T37: Pass | U37: Pass | V37: Pass | W37: Pass | X37: Pass | Y37: Pass | Z37: Pass | AA37: Pass | AB37: Pass | AC37: Pass | AD37: Pass | AH37: =SUM(B37:AD37) -> 0 | AI37: =AH37/29 -> 0
A38: 36 | B38: 1 | C38: 1 | D38: 1 | E38: 1 | F38: 1 | G38: 1 | H38: 1 | I38: 1 | J38: 1 | K38: 1 | L38: 1 | M38: 1 | N38: 1 | O38: 1 | P38: 1 | Q38: 1 | R38: 1 | S38: 1 | T38: 1 | U38: 1 | V38: 1 | W38: 1 | X38: 1 | Y38: 1 | Z38: 1 | AA38: 1 | AB38: 1 | AC38: 1 | AD38: 1 | AH38: =SUM(B38:AD38) -> 29 | AI38: =AH38/29 -> 1
A39: 37 | B39: 1 | C39: 1 | D39: 1 | E39: 1 | F39: 1 | G39: 1 | H39: 1 | I39: 1 | J39: 1 | K39: 1 | L39: 1 | M39: 1 | N39: 1 | O39: 1 | P39: Pass | Q39: Pass | R39: 1 | S39: 1 | T39: Pass | U39: Pass | V39: Pass | W39: Pass | X39: Pass | Y39: Pass | Z39: Pass | AA39: Pass | AB39: Pass | AC39: Pass | AD39: Pass | AH39: =SUM(B39:AD39) -> 16 | AI39: =AH39/29 -> 0.55172414
A40: 38 | B40: Pass | C40: Pass | D40: Pass | E40: Pass | F40: Pass | G40: Pass | H40: Pass | I40: Pass | J40: Pass | K40: Pass | L40: Pass | M40: Pass | N40: Pass | O40: Pass | P40: Pass | Q40: Pass | R40: Pass | S40: Pass | T40: Pass | U40: Pass | V40: Pass | W40: Pass | X40: Pass | Y40: Pass | Z40: Pass | AA40: Pass | AB40: Pass | AC40: Pass | AD40: Pass | AH40: =SUM(B40:AD40) -> 0 | AI40: =AH40/29 -> 0
A41: 39 | B41: 1 | C41: 1 | D41: 1 | E41: 1 | F41: 1 | G41: 1 | H41: 1 | I41: 1 | J41: 1 | K41: 1 | L41: 1 | M41: 1 | N41: 1 | O41: 1 | P41: 1 | Q41: 1 | R41: 1 | S41: 1 | T41: 1 | U41: 1 | V41: 1 | W41: 1 | X41: 1 | Y41: 1 | Z41: 1 | AA41: 1 | AB41: 1 | AC41: 1 | AD41: 1 | AH41: =SUM(B41:AD41) -> 29 | AI41: =AH41/29 -> 1
A42: 40 | B42: Pass | C42: Pass | D42: Pass | E42: Pass | F42: Pass | G42: Pass | H42: Pass | I42: Pass | J42: Pass | K42: Pass | L42: Pass | M42: Pass | N42: Pass | O42: Pass | P42: Pass | Q42: Pass | R42: Pass | S42: Pass | T42: Pass | U42: Pass | V42: Pass | W42: Pass | X42: Pass | Y42: Pass | Z42: Pass | AA42: Pass | AB42: Pass | AC42: Pass | AD42: Pass | AH42: =SUM(B42:AD42) -> 0 | AI42: =AH42/29 -> 0
A43: 41 | B43: 1 | C43: 1 | D43: 1 | E43: 1 | F43: 1 | G43: 1 | H43: 1 | I43: 1 | J43: 1 | K43: 1 | L43: 1 | M43: 1 | N43: 1 | O43: 1 | P43: 1 | Q43: 1 | R43: 1 | S43: 1 | T43: 1 | U43: 1 | V43: 1 | W43: 1 | X43: 1 | Y43: 1 | Z43: 1 | AA43: 1 | AB43: 1 | AC43: 1 | AD43: 1 | AH43: =SUM(B43:AD43) -> 29 | AI43: =AH43/29 -> 1
A44: 42 | B44: Pass | C44: Pass | D44: Pass | E44: Pass | F44: Pass | G44: Pass | H44: Pass | I44: Pass | J44: Pass | K44: Pass | L44: Pass | M44: Pass | N44: Pass | O44: Pass | P44: Pass | Q44: Pass | R44: Pass | S44: Pass | T44: Pass | U44: Pass | V44: Pass | W44: Pass | X44: Pass | Y44: Pass | Z44: Pass | AA44: Pass | AB44: Pass | AC44: Pass | AD44: Pass | AH44: =SUM(B44:AD44) -> 0 | AI44: =AH44/29 -> 0
A45: 43 | B45: Pass | C45: Pass | D45: Pass | E45: Pass | F45: Pass | G45: Pass | H45: Pass | I45: Pass | J45: Pass | K45: Pass | L45: Pass | M45: Pass | N45: Pass | O45: Pass | P45: Pass | Q45: Pass | R45: Pass | S45: Pass | T45: Pass | U45: Pass | V45: Pass | W45: Pass | X45: Pass | Y45: Pass | Z45: Pass | AA45: Pass | AB45: Pass | AC45: Pass | AD45: Pass | AH45: =SUM(B45:AD45) -> 0 | AI45: =AH45/29 -> 0
A46: 44 | B46: Pass | C46: Pass | D46: Pass | E46: Pass | F46: Pass | G46: Pass | H46: Pass | I46: Pass | J46: Pass | K46: Pass | L46: Pass | M46: Pass | N46: Pass | O46: Pass | P46: Pass | Q46: Pass | R46: Pass | S46: Pass | T46: Pass | U46: Pass | V46: Fail | W46: Pass | X46: Pass | Y46: Pass | Z46: Pass | AA46: Pass | AB46: Pass | AC46: Pass | AD46: Pass | AH46: =SUM(B46:AD46) -> 0 | AI46: =AH46/29 -> 0
A47: 45 | B47: 1 | C47: 1 | D47: 1 | E47: 1 | F47: Pass | G47: 1 | H47: 1 | I47: 1 | J47: Pass | K47: Pass | L47: Pass | M47: Pass | N47: 1 | O47: 1 | P47: Pass | Q47: Pass | R47: Pass | S47: Pass | T47: 1 | U47: 1 | V47: 1 | W47: 1 | X47: 1 | Y47: 1 | Z47: 1 | AA47: 1 | AB47: 1 | AC47: 1 | AD47: 1 | AH47: =SUM(B47:AD47) -> 20 | AI47: =AH47/29 -> 0.68965517
A48: 46 | B48: 1 | C48: 1 | D48: 1 | E48: 1 | F48: 1 | G48: 1 | H48: 1 | I48: 1 | J48: 1 | K48: 1 | L48: 1 | M48: 1 | N48: 1 | O48: 1 | P48: 1 | Q48: 1 | R48: 1 | S48: 1 | T48: 1 | U48: 1 | V48: 1 | W48: 1 | X48: 1 | Y48: 1 | Z48: 1 | AA48: 1 | AB48: 1 | AC48: 1 | AD48: 1 | AH48: =SUM(B48:AD48) -> 29 | AI48: =AH48/29 -> 1
A49: 47 | B49: 1 | C49: 1 | D49: 1 | E49: 1 | F49: Pass | G49: Pass | H49: Pass | I49: Pass | J49: Pass | K49: Pass | L49: 1 | M49: Pass | N49: Pass | O49: Pass | P49: Pass | Q49: Pass | R49: Pass | S49: Pass | T49: Pass | U49: Pass | V49: Pass | W49: Pass | X49: Pass | Y49: Pass | Z49: Pass | AA49: Pass | AB49: Pass | AC49: Pass | AD49: Pass | AH49: =SUM(B49:AD49) -> 5 | AI49: =AH49/29 -> 0.17241379
A50: 48 | B50: 1 | C50: 1 | D50: 1 | E50: 1 | F50: 1 | G50: 1 | H50: 1 | I50: 1 | J50: 1 | K50: 1 | L50: 1 | M50: 1 | N50: 1 | O50: 1 | P50: 1 | Q50: 1 | R50: 1 | S50: 1 | T50: 1 | U50: 1 | V50: 1 | W50: 1 | X50: 1 | Y50: 1 | Z50: 1 | AA50: 1 | AB50: 1 | AC50: 1 | AD50: 1 | AH50: =SUM(B50:AD50) -> 29 | AI50: =AH50/29 -> 1
A51: 49 | B51: Pass | C51: Pass | D51: Pass | E51: Pass | F51: Pass | G51: Pass | H51: Pass | I51: Pass | J51: Pass | K51: Pass | L51: Pass | M51: Pass | N51: Pass | O51: Pass | P51: Pass | Q51: Pass | R51: Pass | S51: Pass | T51: Pass | U51: Pass | V51: Pass | W51: Pass | X51: Pass | Y51: Pass | Z51: Pass | AA51: Pass | AB51: Pass | AC51: Pass | AD51: Pass | AH51: =SUM(B51:AD51) -> 0 | AI51: =AH51/29 -> 0
A52: 50 | B52: 1 | C52: 1 | D52: 1 | E52: 1 | F52: 1 | G52: 1 | H52: 1 | I52: 1 | J52: 1 | K52: 1 | L52: 1 | M52: 1 | N52: 1 | O52: 1 | P52: 1 | Q52: 1 | R52: 1 | S52: 1 | T52: 1 | U52: 1 | V52: 1 | W52: 1 | X52: 1 | Y52: 1 | Z52: 1 | AA52: 1 | AB52: 1 | AC52: 1 | AD52: 1 | AH52: =SUM(B52:AD52) -> 29 | AI52: =AH52/29 -> 1
A53: 51 | B53: 1 | C53: 1 | D53: 1 | E53: 1 | F53: 1 | G53: 1 | H53: 1 | I53: 1 | J53: 1 | K53: 1 | L53: 1 | M53: 1 | N53: 1 | O53: 1 | P53: 1 | Q53: 1 | R53: 1 | S53: 1 | T53: 1 | U53: 1 | V53: 1 | W53: 1 | X53: 1 | Y53: 1 | Z53: 1 | AA53: 1 | AB53: 1 | AC53: 1 | AD53: 1 | AH53: =SUM(B53:AD53) -> 29 | AI53: =AH53/29 -> 1
A54: 52 | B54: Pass | C54: Pass | D54: Pass | E54: Pass | F54: Pass | G54: Pass | H54: Pass | I54: Pass | J54: Pass | K54: Pass | L54: Pass | M54: Pass | N54: Pass | O54: Pass | P54: Pass | Q54: Pass | R54: Pass | S54: Pass | T54: Pass | U54: Pass | V54: Pass | W54: Pass | X54: Pass | Y54: Pass | Z54: Pass | AA54: Pass | AB54: Pass | AC54: Pass | AD54: Pass | AH54: =SUM(B54:AD54) -> 0 | AI54: =AH54/29 -> 0
A55: 53 | B55: 1 | C55: 1 | D55: 1 | E55: 1 | F55: 1 | G55: 1 | H55: 1 | I55: 1 | J55: 1 | K55: 1 | L55: 1 | M55: 1 | N55: 1 | O55: 1 | P55: 1 | Q55: 1 | R55: 1 | S55: 1 | T55: 1 | U55: 1 | V55: 1 | W55: 1 | X55: 1 | Y55: 1 | Z55: 1 | AA55: 1 | AB55: 1 | AC55: 1 | AD55: 1 | AH55: =SUM(B55:AD55) -> 29 | AI55: =AH55/29 -> 1
A56: 54 | B56: 1 | C56: 1 | D56: 1 | E56: 1 | F56: 1 | G56: 1 | H56: 1 | I56: 1 | J56: 1 | K56: 1 | L56: 1 | M56: 1 | N56: 1 | O56: 1 | P56: 1 | Q56: 1 | R56: 1 | S56: 1 | T56: 1 | U56: 1 | V56: 1 | W56: 1 | X56: 1 | Y56: 1 | Z56: 1 | AA56: 1 | AB56: 1 | AC56: 1 | AD56: 1 | AH56: =SUM(B56:AD56) -> 29 | AI56: =AH56/29 -> 1
A57: 55 | B57: Pass | C57: Pass | D57: Pass | E57: Pass | F57: Pass | G57: Pass | H57: Pass | I57: Pass | J57: Pass | K57: Pass | L57: Pass | M57: Pass | N57: Pass | O57: Pass | P57: Pass | Q57: Pass | R57: Pass | S57: Pass | T57: Pass | U57: Pass | V57: Pass | W57: Pass | X57: Pass | Y57: Pass | Z57: Pass | AA57: Pass | AB57: Pass | AC57: Pass | AD57: Pass | AH57: =SUM(B57:AD57) -> 0 | AI57: =AH57/29 -> 0
A58: 56 | B58: Pass | C58: Pass | D58: Pass | E58: Pass | F58: Pass | G58: Pass | H58: Pass | I58: Pass | J58: Pass | K58: Pass | L58: Pass | M58: Pass | N58: Pass | O58: Pass | P58: Pass | Q58: Pass | R58: Pass | S58: Pass | T58: Pass | U58: Pass | V58: Pass | W58: 1 | X58: 1 | Y58: 1 | Z58: 1 | AA58: 1 | AB58: 1 | AC58: 1 | AD58: 1 | AH58: =SUM(B58:AD58) -> 8 | AI58: =AH58/29 -> 0.27586207
A59: 57 | B59: Pass | C59: Pass | D59: Pass | E59: Pass | F59: Pass | G59: Pass | H59: Pass | I59: Pass | J59: Pass | K59: Pass | L59: Pass | M59: Pass | N59: Pass | O59: Pass | P59: Pass | Q59: Pass | R59: Pass | S59: Pass | T59: Pass | U59: Pass | V59: Pass | W59: Pass | X59: Pass | Y59: Pass | Z59: Pass | AA59: Pass | AB59: Pass | AC59: Pass | AD59: Pass | AH59: =SUM(B59:AD59) -> 0 | AI59: =AH59/29 -> 0
A60: 58 | B60: 1 | C60: 1 | D60: 1 | E60: 1 | F60: 1 | G60: 1 | H60: 1 | I60: 1 | J60: 1 | K60: 1 | L60: 1 | M60: 1 | N60: 1 | O60: 1 | P60: 1 | Q60: 1 | R60: 1 | S60: 1 | T60: 1 | U60: 1 | V60: 1 | W60: 1 | X60: 1 | Y60: 1 | Z60: 1 | AA60: 1 | AB60: 1 | AC60: 1 | AD60: 1 | AH60: =SUM(B60:AD60) -> 29 | AI60: =AH60/29 -> 1
A61: 59 | B61: Pass | C61: Pass | D61: Pass | E61: Pass | F61: Pass | G61: Pass | H61: Pass | I61: Pass | J61: Pass | K61: Pass | L61: Pass | M61: Pass | N61: Pass | O61: Pass | P61: Pass | Q61: Pass | R61: Pass | S61: Pass | T61: Pass | U61: Pass | V61: Pass | W61: Pass | X61: Pass | Y61: Pass | Z61: Pass | AA61: Pass | AB61: Pass | AC61: Pass | AD61: Pass | AH61: =SUM(B61:AD61) -> 0 | AI61: =AH61/29 -> 0
A62: 60 | B62: 1 | C62: 1 | D62: 1 | E62: 1 | F62: 1 | G62: 1 | H62: 1 | I62: 1 | J62: 1 | K62: 1 | L62: 1 | M62: Pass | N62: 1 | O62: 1 | P62: 1 | Q62: 1 | R62: 1 | S62: 1 | T62: 1 | U62: 1 | V62: 1 | W62: 1 | X62: 1 | Y62: 1 | Z62: 1 | AA62: 1 | AB62: 1 | AC62: 1 | AD62: 1 | AH62: =SUM(B62:AD62) -> 28 | AI62: =AH62/29 -> 0.96551724
A63: 61 | B63: 1 | C63: 1 | D63: 1 | E63: 1 | F63: Pass | G63: Pass | H63: Pass | I63: Pass | J63: 1 | K63: 1 | L63: Pass | M63: Pass | N63: 1 | O63: 1 | P63: Pass | Q63: Pass | R63: Pass | S63: Pass | T63: Pass | U63: Pass | V63: Pass | W63: Pass | X63: Pass | Y63: Pass | Z63: Pass | AA63: Pass | AB63: Pass | AC63: Pass | AD63: Pass | AH63: =SUM(B63:AD63) -> 8 | AI63: =AH63/29 -> 0.27586207
A64: 62 | B64: 1 | C64: 1 | D64: 1 | E64: 1 | F64: 1 | G64: 1 | H64: Pass | I64: Fail | J64: Fail | K64: 1 | L64: 1 | M64: 1 | N64: 1 | O64: 1 | P64: 1 | Q64: 1 | R64: 1 | S64: 1 | T64: 1 | U64: 1 | V64: 1 | W64: 1 | X64: 1 | Y64: 1 | Z64: 1 | AA64: 1 | AB64: 1 | AC64: 1 | AD64: 1 | AH64: =SUM(B64:AD64) -> 26 | AI64: =AH64/29 -> 0.89655172
A65: 63 | B65: 1 | C65: 1 | D65: 1 | E65: 1 | F65: 1 | G65: 1 | H65: 1 | I65: 1 | J65: 1 | K65: 1 | L65: 1 | M65: 1 | N65: 1 | O65: 1 | P65: 1 | Q65: 1 | R65: 1 | S65: 1 | T65: 1 | U65: 1 | V65: 1 | W65: 1 | X65: 1 | Y65: 1 | Z65: 1 | AA65: 1 | AB65: 1 | AC65: 1 | AD65: 1 | AH65: =SUM(B65:AD65) -> 29 | AI65: =AH65/29 -> 1
A66: 64 | B66: Pass | C66: Pass | D66: Pass | E66: Pass | F66: Pass | G66: Pass | H66: Pass | I66: Pass | J66: Pass | K66: Pass | L66: Pass | M66: Pass | N66: Pass | O66: Pass | P66: Pass | Q66: Pass | R66: Pass | S66: Pass | T66: Pass | U66: Pass | V66: Pass | W66: Pass | X66: Pass | Y66: Pass | Z66: Pass | AA66: Pass | AB66: Pass | AC66: Pass | AD66: Pass | AH66: =SUM(B66:AD66) -> 0 | AI66: =AH66/29 -> 0
A67: 65 | B67: Pass | C67: Pass | D67: Pass | E67: Pass | F67: Pass | G67: Pass | H67: Pass | I67: Pass | J67: Pass | K67: Pass | L67: Pass | M67: Pass | N67: Pass | O67: Pass | P67: Pass | Q67: Pass | R67: Pass | S67: Pass | T67: Pass | U67: Pass | V67: Pass | W67: Pass | X67: Pass | Y67: Pass | Z67: Pass | AA67: Pass | AB67: Pass | AC67: Pass | AD67: Pass | AH67: =SUM(B67:AD67) -> 0 | AI67: =AH67/29 -> 0
A68: 66 | B68: Pass | C68: Pass | D68: Pass | E68: Pass | F68: Pass | G68: Pass | H68: Pass | I68: Pass | J68: Pass | K68: Pass | L68: Pass | M68: Pass | N68: Pass | O68: Pass | P68: Pass | Q68: Pass | R68: Pass | S68: Pass | T68: Pass | U68: Pass | V68: Pass | W68: Pass | X68: Pass | Y68: Pass | Z68: Pass | AA68: Pass | AB68: Pass | AC68: Pass | AD68: Pass | AH68: =SUM(B68:AD68) -> 0 | AI68: =AH68/29 -> 0
A69: 67 | B69: 1 | C69: 1 | D69: 1 | E69: 1 | F69: 1 | G69: 1 | H69: 1 | I69: 1 | J69: 1 | K69: 1 | L69: 1 | M69: 1 | N69: 1 | O69: 1 | P69: 1 | Q69: 1 | R69: 1 | S69: 1 | T69: 1 | U69: 1 | V69: 1 | W69: 1 | X69: 1 | Y69: 1 | Z69: 1 | AA69: 1 | AB69: 1 | AC69: 1 | AD69: 1 | AH69: =SUM(B69:AD69) -> 29 | AI69: =AH69/29 -> 1
A70: 68 | B70: 1 | C70: 1 | D70: 1 | E70: 1 | F70: 1 | G70: 1 | H70: 1 | I70: 1 | J70: 1 | K70: 1 | L70: 1 | M70: 1 | N70: 1 | O70: 1 | P70: 1 | Q70: 1 | R70: 1 | S70: 1 | T70: 1 | U70: 1 | V70: 1 | W70: 1 | X70: 1 | Y70: 1 | Z70: 1 | AA70: 1 | AB70: 1 | AC70: 1 | AD70: 1 | AH70: =SUM(B70:AD70) -> 29 | AI70: =AH70/29 -> 1
A71: 69 | B71: 1 | C71: 1 | D71: 1 | E71: 1 | F71: Pass | G71: Pass | H71: Pass | I71: Pass | J71: Pass | K71: Pass | L71: Pass | M71: Pass | N71: Pass | O71: Pass | P71: Pass | Q71: Pass | R71: Pass | S71: Pass | T71: 1 | U71: 1 | V71: 1 | W71: 1 | X71: 1 | Y71: 1 | Z71: 1 | AA71: 1 | AB71: 1 | AC71: 1 | AD71: 1 | AH71: =SUM(B71:AD71) -> 15 | AI71: =AH71/29 -> 0.51724138
A72: 70 | B72: Pass | C72: Pass | D72: Pass | E72: Pass | F72: Pass | G72: Pass | H72: Pass | I72: Pass | J72: Pass | K72: Pass | L72: Pass | M72: Pass | N72: Pass | O72: Pass | P72: Pass | Q72: Pass | R72: Pass | S72: Pass | T72: Pass | U72: Pass | V72: Pass | W72: Pass | X72: Pass | Y72: Pass | Z72: Pass | AA72: Pass | AB72: Pass | AC72: Pass | AD72: Pass | AH72: =SUM(B72:AD72) -> 0 | AI72: =AH72/29 -> 0
A73: 71 | B73: 1 | C73: 1 | D73: 1 | E73: 1 | F73: 1 | G73: 1 | H73: 1 | I73: 1 | J73: 1 | K73: 1 | L73: 1 | M73: 1 | N73: 1 | O73: 1 | P73: 1 | Q73: 1 | R73: 1 | S73: 1 | T73: 1 | U73: 1 | V73: 1 | W73: 1 | X73: 1 | Y73: 1 | Z73: 1 | AA73: 1 | AB73: 1 | AC73: 1 | AD73: 1 | AH73: =SUM(B73:AD73) -> 29 | AI73: =AH73/29 -> 1
A74: 72 | B74: Pass | C74: Pass | D74: Pass | E74: Pass | F74: Pass | G74: Pass | H74: Pass | I74: Pass | J74: Pass | K74: Pass | L74: Pass | M74: Pass | N74: Pass | O74: Pass | P74: Pass | Q74: Pass | R74: Pass | S74: Pass | T74: Pass | U74: Pass | V74: Pass | W74: Pass | X74: Pass | Y74: Pass | Z74: Pass | AA74: Pass | AB74: Pass | AC74: Pass | AD74: Pass | AH74: =SUM(B74:AD74) -> 0 | AI74: =AH74/29 -> 0
A75: 73 | B75: 1 | C75: 1 | D75: 1 | E75: 1 | F75: 1 | G75: 1 | H75: 1 | I75: 1 | J75: 1 | K75: 1 | L75: 1 | M75: 1 | N75: 1 | O75: 1 | P75: 1 | Q75: 1 | R75: 1 | S75: 1 | T75: 1 | U75: 1 | V75: 1 | W75: 1 | X75: 1 | Y75: 1 | Z75: 1 | AA75: 1 | AB75: 1 | AC75: 1 | AD75: 1 | AH75: =SUM(B75:AD75) -> 29 | AI75: =AH75/29 -> 1
A76: 74 | B76: 1 | C76: 1 | D76: 1 | E76: 1 | F76: 1 | G76: 1 | H76: 1 | I76: 1 | J76: 1 | K76: 1 | L76: 1 | M76: 1 | N76: 1 | O76: 1 | P76: 1 | Q76: 1 | R76: 1 | S76: 1 | T76: 1 | U76: 1 | V76: 1 | W76: 1 | X76: 1 | Y76: 1 | Z76: 1 | AA76: 1 | AB76: 1 | AC76: 1 | AD76: 1 | AH76: =SUM(B76:AD76) -> 29 | AI76: =AH76/29 -> 1
A77: 75 | B77: Pass | C77: Pass | D77: Pass | E77: Pass | F77: Pass | G77: Pass | H77: Pass | I77: Pass | J77: Pass | K77: Pass | L77: Pass | M77: Pass | N77: Pass | O77: Pass | P77: Pass | Q77: Pass | R77: Pass | S77: Pass | T77: Pass | U77: Pass | V77: Pass | W77: Pass | X77: Pass | Y77: Pass | Z77: Pass | AA77: Pass | AB77: Pass | AC77: Pass | AD77: Pass | AH77: =SUM(B77:AD77) -> 0 | AI77: =AH77/29 -> 0
A78: 76 | B78: Pass | C78: Pass | D78: Pass | E78: Pass | F78: Pass | G78: Pass | H78: Pass | I78: Pass | J78: Pass | K78: Pass | L78: Pass | M78: Pass | N78: Pass | O78: Pass | P78: Pass | Q78: Pass | R78: Pass | S78: Pass | T78: Pass | U78: Pass | V78: Pass | W78: Pass | X78: Pass | Y78: Pass | Z78: Pass | AA78: Pass | AB78: Pass | AC78: Pass | AD78: Pass | AH78: =SUM(B78:AD78) -> 0 | AI78: =AH78/29 -> 0
A79: 77 | B79: 1 | C79: 1 | D79: 1 | E79: 1 | F79: 1 | G79: 1 | H79: 1 | I79: 1 | J79: 1 | K79: 1 | L79: 1 | M79: 1 | N79: 1 | O79: 1 | P79: 1 | Q79: 1 | R79: 1 | S79: 1 | T79: 1 | U79: 1 | V79: 1 | W79: 1 | X79: 1 | Y79: 1 | Z79: 1 | AA79: 1 | AB79: 1 | AC79: 1 | AD79: 1 | AH79: =SUM(B79:AD79) -> 29 | AI79: =AH79/29 -> 1
A80: 78 | B80: Pass | C80: Pass | D80: Pass | E80: Pass | F80: Pass | G80: Pass | H80: Pass | I80: Pass | J80: Pass | K80: Pass | L80: Pass | M80: Pass | N80: Pass | O80: Pass | P80: Pass | Q80: Pass | R80: Pass | S80: Pass | T80: Pass | U80: Pass | V80: Pass | W80: Pass | X80: Pass | Y80: Pass | Z80: Pass | AA80: Pass | AB80: Pass | AC80: Pass | AD80: Pass | AH80: =SUM(B80:AD80) -> 0 | AI80: =AH80/29 -> 0
A81: 79 | B81: Pass | C81: Pass | D81: Pass | E81: Pass | F81: Pass | G81: Pass | H81: Pass | I81: Pass | J81: Pass | K81: Pass | L81: Pass | M81: Pass | N81: Pass | O81: Pass | P81: Pass | Q81: Pass | R81: Pass | S81: Pass | T81: Pass | U81: Pass | V81: Pass | W81: Pass | X81: Pass | Y81: Pass | Z81: Pass | AA81: Pass | AB81: Pass | AC81: Pass | AD81: Pass | AH81: =SUM(B81:AD81) -> 0 | AI81: =AH81/29 -> 0
A82: 80 | B82: 1 | C82: 1 | D82: 1 | E82: 1 | F82: 1 | G82: 1 | H82: 1 | I82: 1 | J82: 1 | K82: 1 | L82: 1 | M82: 1 | N82: 1 | O82: 1 | P82: 1 | Q82: 1 | R82: 1 | S82: 1 | T82: 1 | U82: 1 | V82: 1 | W82: 1 | X82: 1 | Y82: 1 | Z82: 1 | AA82: 1 | AB82: 1 | AC82: 1 | AD82: 1 | AH82: =SUM(B82:AD82) -> 29 | AI82: =AH82/29 -> 1
A83: 81 | B83: Pass | C83: Pass | D83: Pass | E83: Pass | F83: Pass | G83: Pass | H83: Pass | I83: Pass | J83: Pass | K83: Pass | L83: Pass | M83: Pass | N83: Pass | O83: Pass | P83: Pass | Q83: Pass | R83: Pass | S83: Pass | T83: Pass | U83: Pass | V83: Pass | W83: Pass | X83: Pass | Y83: Pass | Z83: Pass | AA83: Pass | AB83: Pass | AC83: Pass | AD83: Pass | AH83: =SUM(B83:AD83) -> 0 | AI83: =AH83/29 -> 0
A84: 82 | B84: Pass | C84: Pass | D84: Pass | E84: Pass | F84: Pass | G84: Pass | H84: Pass | I84: Pass | J84: Pass | K84: Pass | L84: Pass | M84: Pass | N84: Pass | O84: Pass | P84: Pass | Q84: Pass | R84: Pass | S84: Pass | T84: Pass | U84: Pass | V84: Pass | W84: Pass | X84: Pass | Y84: Pass | Z84: Pass | AA84: Pass | AB84: Pass | AC84: Pass | AD84: Pass | AH84: =SUM(B84:AD84) -> 0 | AI84: =AH84/29 -> 0
A85: 83 | B85: 1 | C85: 1 | D85: 1 | E85: 1 | F85: 1 | G85: 1 | H85: 1 | I85: 1 | J85: 1 | K85: 1 | L85: 1 | M85: 1 | N85: 1 | O85: 1 | P85: 1 | Q85: 1 | R85: 1 | S85: 1 | T85: 1 | U85: 1 | V85: 1 | W85: 1 | X85: 1 | Y85: 1 | Z85: 1 | AA85: 1 | AB85: 1 | AC85: 1 | AD85: 1 | AH85: =SUM(B85:AD85) -> 29 | AI85: =AH85/29 -> 1
A86: 84 | B86: Pass | C86: Pass | D86: Pass | E86: Pass | F86: Pass | G86: Pass | H86: Pass | I86: Pass | J86: Pass | K86: Pass | L86: Pass | M86: Pass | N86: Pass | O86: Pass | P86: Pass | Q86: Pass | R86: Pass | S86: Pass | T86: Pass | U86: Pass | V86: Pass | W86: Pass | X86: Pass | Y86: Pass | Z86: Pass | AA86: Pass | AB86: Pass | AC86: Pass | AD86: Pass | AH86: =SUM(B86:AD86) -> 0 | AI86: =AH86/29 -> 0
A87: 85 | B87: 1 | C87: 1 | D87: 1 | E87: 1 | F87: 1 | G87: 1 | H87: 1 | I87: 1 | J87: 1 | K87: 1 | L87: 1 | M87: 1 | N87: 1 | O87: 1 | P87: 1 | Q87: 1 | R87: 1 | S87: 1 | T87: 1 | U87: 1 | V87: 1 | W87: 1 | X87: 1 | Y87: 1 | Z87: 1 | AA87: 1 | AB87: 1 | AC87: 1 | AD87: 1 | AH87: =SUM(B87:AD87) -> 29 | AI87: =AH87/29 -> 1
A88: 86 | B88: Pass | C88: Pass | D88: Pass | E88: Pass | F88: Pass | G88: Pass | H88: Pass | I88: Pass | J88: Pass | K88: Pass | L88: Pass | M88: Pass | N88: Pass | O88: Pass | P88: Pass | Q88: Pass | R88: Pass | S88: Pass | T88: Pass | U88: Pass | V88: Pass | W88: Pass | X88: Pass | Y88: Pass | Z88: Pass | AA88: Pass | AB88: Pass | AC88: Pass | AD88: Pass | AH88: =SUM(B88:AD88) -> 0 | AI88: =AH88/29 -> 0
A89: 87 | B89: 1 | C89: 1 | D89: 1 | E89: 1 | F89: 1 | G89: 1 | H89: 1 | I89: 1 | J89: 1 | K89: 1 | L89: 1 | M89: 1 | N89: 1 | O89: 1 | P89: 1 | Q89: 1 | R89: 1 | S89: 1 | T89: 1 | U89: 1 | V89: 1 | W89: 1 | X89: 1 | Y89: 1 | Z89: 1 | AA89: 1 | AB89: 1 | AC89: 1 | AD89: 1 | AH89: =SUM(B89:AD89) -> 29 | AI89: =AH89/29 -> 1
A90: 88 | B90: Pass | C90: Pass | D90: Pass | E90: Pass | F90: Pass | G90: Pass | H90: Pass | I90: Pass | J90: Pass | K90: Pass | L90: Pass | M90: Pass | N90: Pass | O90: Pass | P90: Pass | Q90: Pass | R90: Pass | S90: Pass | T90: Pass | U90: Pass | V90: Pass | W90: Pass | X90: Pass | Y90: Pass | Z90: Pass | AA90: Pass | AB90: Pass | AC90: Pass | AD90: Pass | AH90: =SUM(B90:AD90) -> 0 | AI90: =AH90/29 -> 0
A91: 89 | B91: Pass | C91: Pass | D91: Pass | E91: Pass | F91: Pass | G91: Pass | H91: Pass | I91: Pass | J91: Pass | K91: Pass | L91: Pass | M91: Pass | N91: Pass | O91: Pass | P91: Pass | Q91: Pass | R91: Pass | S91: Pass | T91: Pass | U91: Pass | V91: Pass | W91: Pass | X91: Pass | Y91: Pass | Z91: Pass | AA91: Pass | AB91: Pass | AC91: Pass | AD91: Pass | AH91: =SUM(B91:AD91) -> 0 | AI91: =AH91/29 -> 0
A92: 90 | B92: Pass | C92: Pass | D92: Pass | E92: Pass | F92: Pass | G92: Pass | H92: Pass | I92: Pass | J92: Pass | K92: Pass | L92: Pass | M92: Pass | N92: Pass | O92: Pass | P92: Pass | Q92: Pass | R92: Pass | S92: Pass | T92: Pass | U92: Pass | V92: Pass | W92: Pass | X92: Pass | Y92: Pass | Z92: Pass | AA92: Pass | AB92: Pass | AC92: Pass | AD92: Pass | AH92: =SUM(B92:AD92) -> 0 | AI92: =AH92/29 -> 0
A93: 91 | B93: 1 | C93: 1 | D93: 1 | E93: 1 | F93: 1 | G93: 1 | H93: Pass | I93: Fail | J93: Fail | K93: Fail | L93: Fail | M93: Fail | N93: Fail | O93: Fail | P93: 1 | Q93: 1 | R93: 1 | S93: 1 | T93: 1 | U93: 1 | V93: 1 | W93: Fail | X93: Pass | Y93: Fail | Z93: Fail | AA93: Fail | AB93: Fail | AC93: Fail | AD93: Fail | AH93: =SUM(B93:AD93) -> 13 | AI93: =AH93/29 -> 0.44827586
A94: 92 | B94: 1 | C94: 1 | D94: 1 | E94: 1 | F94: 1 | G94: 1 | H94: 1 | I94: 1 | J94: 1 | K94: 1 | L94: 1 | M94: 1 | N94: 1 | O94: 1 | P94: 1 | Q94: 1 | R94: 1 | S94: 1 | T94: 1 | U94: 1 | V94: 1 | W94: 1 | X94: 1 | Y94: 1 | Z94: 1 | AA94: 1 | AB94: 1 | AC94: 1 | AD94: 1 | AH94: =SUM(B94:AD94) -> 29 | AI94: =AH94/29 -> 1
A95: 93 | B95: Pass | C95: Pass | D95: Pass | E95: Pass | F95: Pass | G95: Pass | H95: Pass | I95: Pass | J95: Pass | K95: Pass | L95: Pass | M95: Pass | N95: Pass | O95: Pass | P95: Pass | Q95: Pass | R95: Pass | S95: Pass | T95: Pass | U95: Pass | V95: Pass | W95: Pass | X95: Pass | Y95: Pass | Z95: Pass | AA95: Pass | AB95: Pass | AC95: Pass | AD95: Pass | AH95: =SUM(B95:AD95) -> 0 | AI95: =AH95/29 -> 0
A96: 94 | B96: 1 | C96: 1 | D96: 1 | E96: 1 | F96: 1 | G96: 1 | H96: 1 | I96: 1 | J96: 1 | K96: 1 | L96: 1 | M96: 1 | N96: 1 | O96: 1 | P96: 1 | Q96: 1 | R96: 1 | S96: 1 | T96: 1 | U96: 1 | V96: 1 | W96: 1 | X96: 1 | Y96: 1 | Z96: 1 | AA96: 1 | AB96: 1 | AC96: 1 | AD96: 1 | AH96: =SUM(B96:AD96) -> 29 | AI96: =AH96/29 -> 1
A97: 95 | B97: 1 | C97: 1 | D97: 1 | E97: 1 | F97: 1 | G97: 1 | H97: Pass | I97: Pass | J97: Pass | K97: Pass | L97: Pass | M97: Pass | N97: Pass | O97: Pass | P97: Pass | Q97: Pass | R97: Pass | S97: Pass | T97: Pass | U97: Pass | V97: Pass | W97: Pass | X97: Pass | Y97: Pass | Z97: Pass | AA97: Pass | AB97: Pass | AC97: Pass | AD97: Pass | AH97: =SUM(B97:AD97) -> 6 | AI97: =AH97/29 -> 0.20689655
A98: 96 | B98: 1 | C98: 1 | D98: 1 | E98: 1 | F98: 1 | G98: 1 | H98: 1 | I98: 1 | J98: 1 | K98: 1 | L98: 1 | M98: 1 | N98: 1 | O98: 1 | P98: 1 | Q98: 1 | R98: 1 | S98: 1 | T98: 1 | U98: 1 | V98: 1 | W98: 1 | X98: 1 | Y98: 1 | Z98: 1 | AA98: 1 | AB98: 1 | AC98: 1 | AD98: 1 | AH98: =SUM(B98:AD98) -> 29 | AI98: =AH98/29 -> 1
A99: 97 | B99: Pass | C99: Pass | D99: Pass | E99: Pass | F99: Pass | G99: Pass | H99: Pass | I99: Pass | J99: Pass | K99: Pass | L99: Pass | M99: Pass | N99: Pass | O99: Pass | P99: Pass | Q99: Pass | R99: Pass | S99: Pass | T99: Pass | U99: Pass | V99: Pass | W99: Pass | X99: Pass | Y99: Pass | Z99: Pass | AA99: Pass | AB99: Pass | AC99: Pass | AD99: Pass | AH99: =SUM(B99:AD99) -> 0 | AI99: =AH99/29 -> 0
A100: 98 | B100: 1 | C100: 1 | D100: 1 | E100: 1 | F100: 1 | G100: 1 | H100: 1 | I100: 1 | J100: 1 | K100: 1 | L100: 1 | M100: 1 | N100: 1 | O100: 1 | P100: 1 | Q100: 1 | R100: 1 | S100: 1 | T100: 1 | U100: 1 | V100: 1 | W100: 1 | X100: 1 | Y100: 1 | Z100: 1 | AA100: 1 | AB100: 1 | AC100: 1 | AD100: 1 | AH100: =SUM(B100:AD100) -> 29 | AI100: =AH100/29 -> 1
...

Sheet Proba
A1: =probaPass!AG1 -> Proba_pass | B1: =probaFail!AH1 -> Proba_fail | C1: =probaDropout!AI1 -> Proba_dropout | E1: Result_proba | J1: Final_proba
A2: =probaPass!AG2 -> 0.10344828 | B2: =probaFail!AH2 -> 0 | C2: =probaDropout!AI2 -> 0.89655172 | E2: =_xlfn.CONCAT("[",A2,";",B2,";",C2,"]") -> [0,103448275862069;0;0,896551724137931] | J2: =E2 -> [0,103448275862069;0;0,896551724137931]
A3: =probaPass!AG3 -> 0 | B3: =probaFail!AH3 -> 0 | C3: =probaDropout!AI3 -> 1 | E3: =_xlfn.CONCAT("[",A3,";",B3,";",C3,"]") -> [0;0;1] | J3: =_xlfn.CONCAT(J2,";",E3) -> [0,103448275862069;0;0,896551724137931];[0;0;1]
A4: =probaPass!AG4 -> 1 | B4: =probaFail!AH4 -> 0 | C4: =probaDropout!AI4 -> 0 | E4: =_xlfn.CONCAT("[",A4,";",B4,";",C4,"]") -> [1;0;0] | J4: =_xlfn.CONCAT(J3,";",E4) -> [0,103448275862069;0;0,896551724137931];[0;0;1];[1;0;0]
A5: =probaPass!AG5 -> 1 | B5: =probaFail!AH5 -> 0 | C5: =probaDropout!AI5 -> 0 | E5: =_xlfn.CONCAT("[",A5,";",B5,";",C5,"]") -> [1;0;0] | J5: =_xlfn.CONCAT(J4,";",E5) -> [0,103448275862069;0;0,896551724137931];[0;0;1];[1;0;0];[1;0;0]
A6: =probaPass!AG6 -> 0 | B6: =probaFail!AH6 -> 0.20689655 | C6: =probaDropout!AI6 -> 0.79310345 | E6: =_xlfn.CONCAT("[",A6,";",B6,";",C6,"]") -> [0;0,206896551724138;0,793103448275862] | J6: =_xlfn.CONCAT(J5,";",E6) -> [0,103448275862069;0;0,896551724137931];[0;0;1];[1;0;0];[1;0;0];[0;0,206896551724138;0,793103448275862]
A7: =probaPass!AG7 -> 0.31034483 | B7: =probaFail!AH7 -> 0 | C7: =probaDropout!AI7 -> 0.68965517 | E7: =_xlfn.CONCAT("[",A7,";",B7,";",C7,"]") -> [0,310344827586207;0;0,689655172413793] | J7: =_xlfn.CONCAT(J6,";",E7) -> [0,103448275862069;0;0,896551724137931];[0;0;1];[1;0;0];[1;0;0];[0;0,206896551724138;0,793103448275862];[0,310344827586207;0;0,689655172413793]
A8: =probaPass!AG8 -> 0 | B8: =probaFail!AH8 -> 0 | C8: =probaDropout!AI8 -> 1 | E8: =_xlfn.CONCAT("[",A8,";",B8,";",C8,"]") -> [0;0;1] | J8: =_xlfn.CONCAT(J7,";",E8) -> [0,103448275862069;0;0,896551724137931];[0;0;1];[1;0;0];[1;0;0];[0;0,206896551724138;0,793103448275862];[0,310344827586207;0;0,689655172413793];[0;0;1]
A9: =probaPass!AG9 -> 1 | B9: =probaFail!AH9 -> 0 | C9: =probaDropout!AI9 -> 0 | E9: =_xlfn.CONCAT("[",A9,";",B9,";",C9,"]") -> [1;0;0] | J9: =_xlfn.CONCAT(J8,";",E9) -> [0,103448275862069;0;0,896551724137931];[0;0;1];[1;0;0];[1;0;0];[0;0,206896551724138;0,793103448275862];[0,310344827586207;0;0,689655172413793];[0;0;1];[1;0;0]
A10: =probaPass!AG10 -> 1 | B10: =probaFail!AH10 -> 0 | C10: =probaDropout!AI10 -> 0 | E10: =_xlfn.CONCAT("[",A10,";",B10,";",C10,"]") -> [1;0;0] | J10: =_xlfn.CONCAT(J9,";",E10) -> [0,103448275862069;0;0,896551724137931];[0;0;1];[1;0;0];[1;0;0];[0;0,206896551724138;0,793103448275862];[0,310344827586207;0;0,689655172413793];[0;0;1];[1;0;0];[1;0;0]
A11: =probaPass!AG11 -> 0.034482759 | B11: =probaFail!AH11 -> 0 | C11: =probaDropout!AI11 -> 0.96551724 | E11: =_xlfn.CONCAT("[",A11,";",B11,";",C11,"]") -> [0,0344827586206897;0;0,96551724137931] | J11: =_xlfn.CONCAT(J10,";",E11) -> [0,103448275862069;0;0,896551724137931];[0;0;1];[1;0;0];[1;0;0];[0;0,206896551724138;0,793103448275862];[0,310344827586207;0;0,689655172413793];[0;0;1];[1;0;0];[1;0;0];[0,0344827586206897;0;0,96551724137931]
A12: =probaPass!AG12 -> 1 | B12: =probaFail!AH12 -> 0 | C12: =probaDropout!AI12 -> 0 | E12: =_xlfn.CONCAT("[",A12,";",B12,";",C12,"]") -> [1;0;0] | J12: =_xlfn.CONCAT(J11,";",E12) -> [0,103448275862069;0;0,896551724137931];[0;0;1];[1;0;0];[1;0;0];[0;0,206896551724138;0,793103448275862];[0,310344827586207;0;0,689655172413793];[0;0;1];[1;0;0];[1;0;0];[0,0344827586206897;0;0,96551724137931];[1;0;0]
A13: =probaPass!AG13 -> 0.72413793 | B13: =probaFail!AH13 -> 0 | C13: =probaDropout!AI13 -> 0.27586207 | E13: =_xlfn.CONCAT("[",A13,";",B13,";",C13,"]") -> [0,724137931034483;0;0,275862068965517] | J13: =_xlfn.CONCAT(J12,";",E13) -> [0,103448275862069;0;0,896551724137931];[0;0;1];[1;0;0];[1;0;0];[0;0,206896551724138;0,793103448275862];[0,310344827586207;0;0,689655172413793];[0;0;1];[1;0;0];[1;0;0];[0,0344827586206897;0;0,96551724137931];[1;0;0];[0,724137931034483;0;0,275862068965517]
A14: =probaPass!AG14 -> 1 | B14: =probaFail!AH14 -> 0 | C14: =probaDropout!AI14 -> 0 | E14: =_xlfn.CONCAT("[",A14,";",B14,";",C14,"]") -> [1;0;0] | J14: =_xlfn.CONCAT(J13,";",E14) -> [0,103448275862069;0;0,896551724137931];[0;0;1];[1;0;0];[1;0;0];[0;0,206896551724138;0,793103448275862];[0,310344827586207;0;0,689655172413793];[0;0;1];[1;0;0];[1;0;0];[0,0344827586206897;0;0,96551724137931];[1;0;0];[0,724137931034483;0;0,275862068965517];[1;0;0]
... A201: =probaPass!AG201 -> 0 | B201: =probaFail!AH201 -> 0 | C201: =probaDropout!AI201 -> 1 | E201: =_xlfn.CONCAT("[",A201,";",B201,";",C201,"]") -> [0;0;1] | J201: =_xlfn.CONCAT(J200,";",E201) -> [0,103448275862069;0;0,896551724137931];[0;0;1];[1;0;0];[1;0;0];[0;0,206896551724138;0,793103448275862];[0,310344827586207;0;0,689655172413793];[0;0;1];[1;0;0];[1;0;0];[0,0344827586206897;0;0,96551724137931];[1;0;0];[0,724137931034483;0;0,275862068965517];[1;0;0];[0;0;1];[1;0;0];[0,758620689655172;0;0,241379310344828];[0;0;1];[0,724137931034483;0,137931034482759;0,137931034482759];[0;0;1];[1;0;0];[0;0;1];[1;0;0];[0;0;1];[0;0;1];[1;0;0];[1;0;0];[0,206896551724138;0;0,793103448275862];[0;0;1];[1;0;0];[0,0344827586206897;0,241379310344828;0,724137931034483];[0;0;1];[1;0;0];[0;0;1];[0;0;1];[1;0;0];[1;0;0];[0;0;1];[0,448275862068966;0;0,551724137931034];[1;0;0];[0;0;1];[1;0;0];[0;0;1];[1;0;0];[1;0;0];[0,96551724137931;0,0344827586206897;0];[0,310344827586207;0;0,689655172413793];[0;0;1];[0,827586206896552;0;0,172413793103448];[0;0;1];[1;0;0];[0;0;1];[0;0;1];[1;0;0];[0;0;1];[0;0;1];[1;0;0];[0,724137931034483;0;0,275862068965517];[1;0;0];[0;0;1];[1;0;0];[0,0344827586206897;0;0,96551724137931];[0,724137931034483;0;0,275862068965517];[0,0344827586206897;0,0689655172413793;0,896551724137931];[0;0;1];[1;0;0];[1;0;0];[1;0;0];[0;0;1];[0;0;1];[0,482758620689655;0;0,517241379310345];[1;0;0];[0;0;1];[1;0;0];[0;0;1];[0;0;1];[1;0;0];[1;0;0];[0;0;1];[1;0;0];[1;0;0];[0;0;1];[1;0;0];[1;0;0];[0;0;1];[1;0;0];[0;0;1];[1;0;0];[0;0;1];[1;0;0];[1;0;0];[1;0;0];[0,0689655172413793;0,482758620689655;0,448275862068966];[0;0;1];[1;0;0];[0;0;1];[0,793103448275862;0;0,206896551724138];[0;0;1];[1;0;0];[0;0;1];[1;0;0];[0;0;1];[1;0;0];[0;0;1];[1;0;0];[0;0;1];[0;0;1];[0;0;1];[1;0;0];[1;0;0];[0;0;1];[0;0;1];[1;0;0];[1;0;0];[0,620689655172414;0;0,379310344827586];[1;0;0];[1;0;0];[0,0344827586206897;0,0689655172413793;0,896551724137931];[0;0;1];[1;0;0];[1;0;0];[0;0;1];[1;0;0];[0;0;1];[0,0689655172413793;0;0,931034482758621];[1;0;0];[0,275862068965517;0;0,724137931034483];[0;0;1];[1;0;0];[1;0;0];[0;0;1];[1;0;0];[0;0;1];[0;0;1];[1;0;0];[0,0689655172413793;0;0,931034482758621];[1;0;0];[1;0;0];[0;0;1];[1;0;0];[0;0;1];[0,931034482758621;0,0689655172413793;0];[0;0;1];[1;0;0];[0;0;1];[1;0;0];[0;0;1];[1;0;0];[1;0;0];[0;0;1];[1;0;0];[0;0;1];[1;0;0];[1;0;0];[0,0689655172413793;0,0344827586206897;0,896551724137931];[1;0;0];[0,827586206896552;0;0,172413793103448];[0;0;1];[1;0;0];[0;0;1];[0,517241379310345;0;0,482758620689655];[1;0;0];[0;0;1];[1;0;0];[0;0;1];[1;0;0];[1;0;0];[0,862068965517241;0;0,137931034482759];[0;0;1];[1;0;0];[0;0;1];[0,758620689655172;0;0,241379310344828];[0;0;1];[1;0;0];[1;0;0];[0;0;1];[0;0;1];[0;0;1];[1;0;0];[1;0;0];[1;0;0];[0,103448275862069;0;0,896551724137931];[1;0;0];[1;0;0];[1;0;0];[0;0;1];[0;0;1];[1;0;0];[0,96551724137931;0;0,0344827586206897];[0,482758620689655;0;0,517241379310345];[1;0;0];[1;0;0];[1;0;0];[0;0;1];[1;0;0];[1;0;0];[0,793103448275862;0;0,206896551724138];[1;0;0];[0;0;1];[0,793103448275862;0;0,206896551724138];[0;0;1]
